v 0.0 10.0 -20.0
v 0.0 10.0 -20.0
v 0.0 10.0 -20.0
v 0.0 10.0 -20.0
v 0.0 10.0 -20.0
v 0.0 10.0 -20.0
v 0.0 10.0 -20.0
v 0.0 10.0 -20.0
v 0.0 10.0 -20.0
v 0.0 10.0 -20.0
v 0.0 10.0 -20.0
v 0.0 10.0 -20.0
v 0.0 10.0 -20.0
v 0.0 10.0 -20.0
v 0.0 10.0 -20.0
v 0.0 10.0 -20.0
v 0.0 10.0 -20.0
v 0.0 10.0 -20.0
v 0.0 10.0 -20.0
v 0.0 10.0 -20.0
v 0.0 10.0 -20.0
v 0.0 10.0 -20.0
v 0.0 10.0 -20.0
v 0.0 10.0 -20.0
v 0.0 10.0 -20.0
v 0.0 10.0 -20.0
v 0.0 10.0 -20.0
v 0.0 10.0 -20.0
v 0.0 10.0 -20.0
v 0.0 10.0 -20.0
v 0.0 10.0 -20.0
v 0.0 10.0 -20.0
v 0.0 10.0 -20.0
v 0.0 10.0 -20.0
v 0.0 10.0 -20.0
v 0.0 10.0 -20.0
v 0.0 10.0 -20.0
v 0.0 10.0 -20.0
v 0.0 10.0 -20.0
v 0.0 10.0 -20.0
v 0.0 10.0 -20.0
v 0.0 10.0 -20.0
v 0.0 10.0 -20.0
v 0.0 10.0 -20.0
v 0.0 10.0 -20.0
v 0.0 10.0 -20.0
v 0.0 10.0 -20.0
v 0.0 10.0 -20.0
v 0.0 10.0 -20.0
v 0.0 10.0 -20.0
v 0.0 10.0 -20.0
v 0.0 10.0 -20.0
v 0.0 10.0 -20.0
v 0.0 10.0 -20.0
v 0.0 10.0 -20.0
v 0.0 10.0 -20.0
v 0.0 10.0 -20.0
v 0.0 10.0 -20.0
v 0.0 10.0 -20.0
v 0.0 10.0 -20.0
v 0.5233595624294383 9.986295347545738 -20.0
v 0.5204925439864351 9.986295347545738 -19.94529402920282
v 0.5119229003114494 9.986295347545738 -19.891187428469653
v 0.4977445222138975 9.986295347545738 -19.83827300104067
v 0.4781127509712325 9.986295347545738 -19.78713048845583
v 0.45324267637740145 9.986295347545738 -19.73832021878528
v 0.4234067801740518 9.986295347545738 -19.692376967557735
v 0.3889319506835503 9.986295347545738 -19.649804098647884
v 0.35019590135211676 9.986295347545738 -19.61106804931645
v 0.30762303244226574 9.986295347545738 -19.57659321982595
v 0.2616797812147192 9.986295347545738 -19.5467573236226
v 0.2128695115441695 9.986295347545738 -19.52188724902877
v 0.16172699895933268 9.986295347545738 -19.502255477786104
v 0.10881257153034712 9.986295347545738 -19.48807709968855
v 0.054705970797180724 9.986295347545738 -19.479507456013565
v 3.204653064661855e-17 9.986295347545738 -19.476640437570563
v -0.05470597079718066 9.986295347545738 -19.479507456013565
v -0.10881257153034707 9.986295347545738 -19.48807709968855
v -0.16172699895933262 9.986295347545738 -19.502255477786104
v -0.21286951154416933 9.986295347545738 -19.52188724902877
v -0.261679781214719 9.986295347545738 -19.5467573236226
v -0.30762303244226563 9.986295347545738 -19.57659321982595
v -0.3501959013521166 9.986295347545738 -19.61106804931645
v -0.38893195068355035 9.986295347545738 -19.649804098647884
v -0.42340678017405176 9.986295347545738 -19.692376967557735
v -0.45324267637740145 9.986295347545738 -19.73832021878528
v -0.47811275097123257 9.986295347545738 -19.78713048845583
v -0.4977445222138975 9.986295347545738 -19.83827300104067
v -0.5119229003114494 9.986295347545738 -19.891187428469653
v -0.5204925439864351 9.986295347545738 -19.94529402920282
v -0.5233595624294383 9.986295347545738 -20.0
v -0.5204925439864351 9.986295347545738 -20.05470597079718
v -0.5119229003114494 9.986295347545738 -20.108812571530347
v -0.4977445222138975 9.986295347545738 -20.16172699895933
v -0.4781127509712326 9.986295347545738 -20.21286951154417
v -0.4532426763774014 9.986295347545738 -20.26167978121472
v -0.42340678017405187 9.986295347545738 -20.307623032442265
v -0.3889319506835503 9.986295347545738 -20.350195901352116
v -0.35019590135211687 9.986295347545738 -20.38893195068355
v -0.3076230324422658 9.986295347545738 -20.42340678017405
v -0.26167978121471935 9.986295347545738 -20.4532426763774
v -0.21286951154416936 9.986295347545738 -20.47811275097123
v -0.16172699895933274 9.986295347545738 -20.497744522213896
v -0.10881257153034742 9.986295347545738 -20.51192290031145
v -0.05470597079718113 9.986295347545738 -20.520492543986435
v -9.613959193985564e-17 9.986295347545738 -20.523359562429437
v 0.05470597079718094 9.986295347545738 -20.520492543986435
v 0.10881257153034724 9.986295347545738 -20.51192290031145
v 0.16172699895933257 9.986295347545738 -20.497744522213896
v 0.21286951154416917 9.986295347545738 -20.47811275097123
v 0.2616797812147192 9.986295347545738 -20.4532426763774
v 0.3076230324422656 9.986295347545738 -20.42340678017405
v 0.35019590135211687 9.986295347545738 -20.38893195068355
v 0.38893195068355 9.986295347545738 -20.350195901352116
v 0.42340678017405176 9.986295347545738 -20.307623032442265
v 0.45324267637740123 9.986295347545738 -20.26167978121472
v 0.47811275097123257 9.986295347545738 -20.21286951154417
v 0.4977445222138975 9.986295347545738 -20.16172699895933
v 0.5119229003114494 9.986295347545738 -20.108812571530347
v 0.5204925439864351 9.986295347545738 -20.05470597079718
v 1.0452846326765346 9.945218953682733 -20.0
v 1.0395584540887965 9.945218953682733 -19.89073800366903
v 1.0224426555364696 9.945218953682733 -19.7826731046344
v 0.9941247612902042 9.945218953682733 -19.676989284543975
v 0.9549150281252627 9.945218953682733 -19.574844437446426
v 0.9052430460833646 9.945218953682733 -19.477357683661733
v 0.845653031794291 9.945218953682733 -19.38559710846478
v 0.7767978659246054 9.945218953682733 -19.300568059919556
v 0.699431940080446 9.945218953682733 -19.223202134075393
v 0.614402891535222 9.945218953682733 -19.154346968205708
v 0.5226423163382674 9.945218953682733 -19.094756953916637
v 0.42515556255357473 9.945218953682733 -19.045084971874736
v 0.3230107154560237 9.945218953682733 -19.005875238709795
v 0.21732689536559868 9.945218953682733 -18.97755734446353
v 0.10926199633097178 9.945218953682733 -18.960441545911202
v 6.400522398026174e-17 9.945218953682733 -18.954715367323466
v -0.10926199633097165 9.945218953682733 -18.960441545911202
v -0.21732689536559857 9.945218953682733 -18.97755734446353
v -0.3230107154560236 9.945218953682733 -19.005875238709795
v -0.4251555625535744 9.945218953682733 -19.045084971874736
v -0.5226423163382671 9.945218953682733 -19.094756953916637
v -0.6144028915352219 9.945218953682733 -19.154346968205708
v -0.6994319400804456 9.945218953682733 -19.223202134075393
v -0.7767978659246055 9.945218953682733 -19.300568059919556
v -0.8456530317942909 9.945218953682733 -19.38559710846478
v -0.9052430460833646 9.945218953682733 -19.477357683661733
v -0.9549150281252629 9.945218953682733 -19.574844437446426
v -0.9941247612902042 9.945218953682733 -19.676989284543975
v -1.0224426555364696 9.945218953682733 -19.7826731046344
v -1.0395584540887965 9.945218953682733 -19.89073800366903
v -1.0452846326765346 9.945218953682733 -20.0
v -1.0395584540887965 9.945218953682733 -20.10926199633097
v -1.0224426555364696 9.945218953682733 -20.2173268953656
v -0.9941247612902042 9.945218953682733 -20.323010715456025
v -0.954915028125263 9.945218953682733 -20.425155562553574
v -0.9052430460833645 9.945218953682733 -20.522642316338267
v -0.8456530317942911 9.945218953682733 -20.61440289153522
v -0.7767978659246054 9.945218953682733 -20.699431940080444
v -0.6994319400804462 9.945218953682733 -20.776797865924607
v -0.6144028915352221 9.945218953682733 -20.845653031794292
v -0.5226423163382677 9.945218953682733 -20.905243046083363
v -0.42515556255357445 9.945218953682733 -20.954915028125264
v -0.32301071545602383 9.945218953682733 -20.994124761290205
v -0.21732689536559927 9.945218953682733 -21.02244265553647
v -0.1092619963309726 9.945218953682733 -21.039558454088798
v -1.9201567194078523e-16 9.945218953682733 -21.045284632676534
v 0.10926199633097222 9.945218953682733 -21.039558454088798
v 0.2173268953655989 9.945218953682733 -21.02244265553647
v 0.32301071545602345 9.945218953682733 -20.994124761290205
v 0.4251555625535741 9.945218953682733 -20.954915028125264
v 0.5226423163382674 9.945218953682733 -20.905243046083363
v 0.6144028915352218 9.945218953682733 -20.845653031794292
v 0.6994319400804462 9.945218953682733 -20.776797865924607
v 0.7767978659246049 9.945218953682733 -20.699431940080448
v 0.8456530317942909 9.945218953682733 -20.61440289153522
v 0.9052430460833643 9.945218953682733 -20.522642316338267
v 0.9549150281252629 9.945218953682733 -20.425155562553574
v 0.9941247612902042 9.945218953682733 -20.323010715456025
v 1.0224426555364696 9.945218953682733 -20.2173268953656
v 1.0395584540887965 9.945218953682733 -20.10926199633097
v 1.5643446504023086 9.876883405951379 -20.0
v 1.5557750067273228 9.876883405951379 -19.836481457672473
v 1.5301599665117822 9.876883405951379 -19.67475445871314
v 1.4877801734965794 9.876883405951379 -19.516590917966152
v 1.4290999495625316 9.876883405951379 -19.36372370828178
v 1.354762207522686 9.876883405951379 -19.217827674798844
v 1.2655814072350036 9.876883405951379 -19.0805012849909
v 1.162534632209719 9.876883405951379 -18.953249115522066
v 1.046750884477933 9.876883405951379 -18.83746536779028
v 0.9194987150091016 9.876883405951379 -18.734418592764996
v 0.7821723252011545 9.876883405951379 -18.645237792477314
v 0.6362762917182215 9.876883405951379 -18.57090005043747
v 0.48340908203384936 9.876883405951379 -18.512219826503422
v 0.32524554128686045 9.876883405951379 -18.469840033488218
v 0.1635185423275279 9.876883405951379 -18.444224993272677
v 9.578848344392362e-17 9.876883405951379 -18.435655349597692
v -0.16351854232752772 9.876883405951379 -18.444224993272677
v -0.3252455412868603 9.876883405951379 -18.469840033488218
v -0.4834090820338492 9.876883405951379 -18.51221982650342
v -0.636276291718221 9.876883405951379 -18.57090005043747
v -0.782172325201154 9.876883405951379 -18.645237792477314
v -0.9194987150091015 9.876883405951379 -18.734418592764996
v -1.0467508844779323 9.876883405951379 -18.83746536779028
v -1.1625346322097192 9.876883405951379 -18.953249115522066
v -1.2655814072350036 9.876883405951379 -19.0805012849909
v -1.354762207522686 9.876883405951379 -19.217827674798844
v -1.4290999495625316 9.876883405951379 -19.36372370828178
v -1.4877801734965794 9.876883405951379 -19.516590917966152
v -1.5301599665117822 9.876883405951379 -19.67475445871314
v -1.5557750067273228 9.876883405951379 -19.836481457672473
v -1.5643446504023086 9.876883405951379 -20.0
v -1.5557750067273228 9.876883405951379 -20.163518542327527
v -1.5301599665117822 9.876883405951379 -20.32524554128686
v -1.4877801734965794 9.876883405951379 -20.483409082033848
v -1.4290999495625318 9.876883405951379 -20.63627629171822
v -1.3547622075226857 9.876883405951379 -20.782172325201156
v -1.2655814072350038 9.876883405951379 -20.9194987150091
v -1.162534632209719 9.876883405951379 -21.046750884477934
v -1.0467508844779332 9.876883405951379 -21.16253463220972
v -0.9194987150091019 9.876883405951379 -21.265581407235004
v -0.782172325201155 9.876883405951379 -21.354762207522686
v -0.6362762917182211 9.876883405951379 -21.42909994956253
v -0.4834090820338495 9.876883405951379 -21.487780173496578
v -0.32524554128686134 9.876883405951379 -21.530159966511782
v -0.16351854232752913 9.876883405951379 -21.555775006727323
v -2.8736545033177084e-16 9.876883405951379 -21.564344650402308
v 0.16351854232752855 9.876883405951379 -21.555775006727323
v 0.32524554128686073 9.876883405951379 -21.530159966511782
v 0.483409082033849 9.876883405951379 -21.48778017349658
v 0.6362762917182205 9.876883405951379 -21.42909994956253
v 0.7821723252011545 9.876883405951379 -21.354762207522686
v 0.9194987150091013 9.876883405951379 -21.265581407235004
v 1.0467508844779332 9.876883405951379 -21.16253463220972
v 1.162534632209718 9.876883405951379 -21.046750884477934
v 1.2655814072350036 9.876883405951379 -20.9194987150091
v 1.3547622075226855 9.876883405951379 -20.782172325201156
v 1.4290999495625316 9.876883405951379 -20.63627629171822
v 1.4877801734965794 9.876883405951379 -20.483409082033848
v 1.530159966511782 9.876883405951379 -20.32524554128686
v 1.5557750067273228 9.876883405951379 -20.16351854232753
v 2.079116908177593 9.781476007338057 -20.0
v 2.067727288213004 9.781476007338057 -19.7826731046344
v 2.0336832153790008 9.781476007338057 -19.567727288213003
v 1.9773576836617324 9.781476007338057 -19.357517542080828
v 1.8993678073735687 9.781476007338057 -19.154346968205708
v 1.800568059919554 9.781476007338057 -18.960441545911202
v 1.68204091200797 9.781476007338057 -18.777925743581285
v 1.545084971874737 9.781476007338057 -18.608799242540172
v 1.3912007574598275 9.781476007338057 -18.454915028125264
v 1.2220742564187133 9.781476007338057 -18.31795908799203
v 1.0395584540887968 9.781476007338057 -18.199431940080448
v 0.8456530317942913 9.781476007338057 -18.10063219262643
v 0.6424824579191735 9.781476007338057 -18.022642316338267
v 0.4322727117869952 9.781476007338057 -17.966316784621
v 0.21732689536559877 9.781476007338057 -17.932272711786997
v 1.2730919333264154e-16 9.781476007338057 -17.920883091822407
v -0.21732689536559852 9.781476007338057 -17.932272711786997
v -0.432272711786995 9.781476007338057 -17.966316784621
v -0.6424824579191732 9.781476007338057 -18.022642316338267
v -0.8456530317942906 9.781476007338057 -18.10063219262643
v -1.039558454088796 9.781476007338057 -18.199431940080444
v -1.222074256418713 9.781476007338057 -18.31795908799203
v -1.3912007574598269 9.781476007338057 -18.454915028125264
v -1.5450849718747373 9.781476007338057 -18.608799242540172
v -1.6820409120079698 9.781476007338057 -18.777925743581285
v -1.800568059919554 9.781476007338057 -18.960441545911202
v -1.899367807373569 9.781476007338057 -19.154346968205708
v -1.9773576836617324 9.781476007338057 -19.357517542080828
v -2.0336832153790008 9.781476007338057 -19.567727288213003
v -2.067727288213004 9.781476007338057 -19.7826731046344
v -2.079116908177593 9.781476007338057 -20.0
v -2.067727288213004 9.781476007338057 -20.2173268953656
v -2.0336832153790008 9.781476007338057 -20.432272711786993
v -1.9773576836617324 9.781476007338057 -20.642482457919176
v -1.8993678073735691 9.781476007338057 -20.84565303179429
v -1.8005680599195537 9.781476007338057 -21.039558454088798
v -1.6820409120079702 9.781476007338057 -21.222074256418715
v -1.545084971874737 9.781476007338057 -21.391200757459828
v -1.391200757459828 9.781476007338057 -21.545084971874736
v -1.2220742564187135 9.781476007338057 -21.68204091200797
v -1.0395584540887974 9.781476007338057 -21.800568059919552
v -0.8456530317942907 9.781476007338057 -21.89936780737357
v -0.6424824579191737 9.781476007338057 -21.977357683661733
v -0.4322727117869964 9.781476007338057 -22.033683215379
v -0.21732689536560038 9.781476007338057 -22.067727288213003
v -3.819275799979246e-16 9.781476007338057 -22.079116908177593
v 0.21732689536559963 9.781476007338057 -22.067727288213003
v 0.43227271178699567 9.781476007338057 -22.033683215379
v 0.6424824579191729 9.781476007338057 -21.977357683661733
v 0.8456530317942901 9.781476007338057 -21.89936780737357
v 1.0395584540887968 9.781476007338057 -21.800568059919552
v 1.2220742564187128 9.781476007338057 -21.68204091200797
v 1.391200757459828 9.781476007338057 -21.545084971874736
v 1.5450849718747357 9.781476007338057 -21.391200757459828
v 1.6820409120079698 9.781476007338057 -21.222074256418715
v 1.800568059919553 9.781476007338057 -21.039558454088798
v 1.899367807373569 9.781476007338057 -20.845653031794292
v 1.9773576836617324 9.781476007338057 -20.642482457919172
v 2.0336832153790008 9.781476007338057 -20.432272711786997
v 2.067727288213004 9.781476007338057 -20.217326895365602
v 2.5881904510252074 9.659258262890683 -20.0
v 2.574012072927655 9.659258262890683 -19.72946042951032
v 2.531632279912453 9.659258262890683 -19.46188494716897
v 2.4615153938604157 9.659258262890683 -19.20020516595425
v 2.3644296300480327 9.659258262890683 -18.947288104309166
v 2.2414386804201336 9.659258262890683 -18.705904774487397
v 2.093890059558353 9.659258262890683 -18.47869982276318
v 1.923400341029386 9.659258262890683 -18.268162554133298
v 1.7318374458667039 9.659258262890683 -18.076599658970615
v 1.5213001772368213 9.659258262890683 -17.906109940441645
v 1.294095225512604 9.659258262890683 -17.758561319579865
v 1.0527118956908346 9.659258262890683 -17.635570369951967
v 0.7997948340457492 9.659258262890683 -17.538484606139583
v 0.5381150528310298 9.659258262890683 -17.468367720087546
v 0.2705395704896798 9.659258262890683 -17.425987927072345
v 1.5848095757158823e-16 9.659258262890683 -17.411809548974794
v -0.2705395704896795 9.659258262890683 -17.425987927072345
v -0.5381150528310295 9.659258262890683 -17.468367720087546
v -0.7997948340457489 9.659258262890683 -17.538484606139583
v -1.0527118956908337 9.659258262890683 -17.635570369951967
v -1.294095225512603 9.659258262890683 -17.758561319579865
v -1.521300177236821 9.659258262890683 -17.906109940441645
v -1.731837445866703 9.659258262890683 -18.076599658970615
v -1.9234003410293863 9.659258262890683 -18.268162554133298
v -2.0938900595583525 9.659258262890683 -18.47869982276318
v -2.2414386804201336 9.659258262890683 -18.705904774487397
v -2.3644296300480327 9.659258262890683 -18.947288104309166
v -2.4615153938604157 9.659258262890683 -19.20020516595425
v -2.531632279912453 9.659258262890683 -19.46188494716897
v -2.574012072927655 9.659258262890683 -19.72946042951032
v -2.5881904510252074 9.659258262890683 -20.0
v -2.574012072927655 9.659258262890683 -20.27053957048968
v -2.531632279912453 9.659258262890683 -20.538115052831028
v -2.4615153938604157 9.659258262890683 -20.79979483404575
v -2.364429630048033 9.659258262890683 -21.052711895690834
v -2.2414386804201336 9.659258262890683 -21.294095225512603
v -2.0938900595583534 9.659258262890683 -21.52130017723682
v -1.923400341029386 9.659258262890683 -21.731837445866702
v -1.7318374458667043 9.659258262890683 -21.923400341029385
v -1.5213001772368218 9.659258262890683 -22.09389005955835
v -1.2940952255126048 9.659258262890683 -22.24143868042013
v -1.052711895690834 9.659258262890683 -22.364429630048033
v -0.7997948340457495 9.659258262890683 -22.461515393860417
v -0.5381150528310312 9.659258262890683 -22.531632279912454
v -0.27053957048968186 9.659258262890683 -22.574012072927655
v -4.754428727147647e-16 9.659258262890683 -22.588190451025206
v 0.2705395704896809 9.659258262890683 -22.574012072927655
v 0.5381150528310302 9.659258262890683 -22.531632279912454
v 0.7997948340457487 9.659258262890683 -22.461515393860417
v 1.052711895690833 9.659258262890683 -22.364429630048033
v 1.294095225512604 9.659258262890683 -22.241438680420135
v 1.5213001772368209 9.659258262890683 -22.093890059558355
v 1.7318374458667043 9.659258262890683 -21.923400341029385
v 1.9234003410293845 9.659258262890683 -21.731837445866706
v 2.0938900595583525 9.659258262890683 -21.52130017723682
v 2.2414386804201327 9.659258262890683 -21.294095225512606
v 2.3644296300480327 9.659258262890683 -21.052711895690834
v 2.4615153938604157 9.659258262890683 -20.79979483404575
v 2.531632279912453 9.659258262890683 -20.53811505283103
v 2.574012072927655 9.659258262890683 -20.27053957048968
v 3.090169943749474 9.510565162951535 -20.0
v 3.0732416694677975 9.510565162951535 -19.676989284543975
v 3.0226423163382674 9.510565162951535 -19.357517542080828
v 2.9389262614623655 9.510565162951535 -19.045084971874736
v 2.8230107154560233 9.510565162951535 -18.743114650545603
v 2.6761656732981747 9.510565162951535 -18.454915028125264
v 2.5 9.510565162951535 -18.1836436799866
v 2.296443803543192 9.510565162951535 -17.932272711786997
v 2.067727288213004 9.510565162951535 -17.70355619645681
v 1.816356320013402 9.510565162951535 -17.5
v 1.5450849718747375 9.510565162951535 -17.323834326701824
v 1.256885349454396 9.510565162951535 -17.17698928454398
v 0.9549150281252629 9.510565162951535 -17.061073738537633
v 0.6424824579191731 9.510565162951535 -16.977357683661733
v 0.32301071545602367 9.510565162951535 -16.926758330532202
v 1.8921833652170748e-16 9.510565162951535 -16.909830056250527
v -0.3230107154560233 9.510565162951535 -16.926758330532202
v -0.6424824579191728 9.510565162951535 -16.977357683661733
v -0.9549150281252625 9.510565162951535 -17.061073738537633
v -1.256885349454395 9.510565162951535 -17.176989284543975
v -1.5450849718747364 9.510565162951535 -17.323834326701824
v -1.8163563200134019 9.510565162951535 -17.5
v -2.0677272882130033 9.510565162951535 -17.70355619645681
v -2.2964438035431924 9.510565162951535 -17.932272711786997
v -2.4999999999999996 9.510565162951535 -18.1836436799866
v -2.6761656732981747 9.510565162951535 -18.454915028125264
v -2.823010715456024 9.510565162951535 -18.743114650545603
v -2.9389262614623655 9.510565162951535 -19.045084971874736
v -3.0226423163382674 9.510565162951535 -19.357517542080828
v -3.0732416694677975 9.510565162951535 -19.676989284543975
v -3.090169943749474 9.510565162951535 -20.0
v -3.0732416694677975 9.510565162951535 -20.323010715456025
v -3.0226423163382674 9.510565162951535 -20.642482457919172
v -2.9389262614623655 9.510565162951535 -20.954915028125264
v -2.8230107154560242 9.510565162951535 -21.256885349454393
v -2.6761656732981742 9.510565162951535 -21.545084971874736
v -2.5000000000000004 9.510565162951535 -21.8163563200134
v -2.296443803543192 9.510565162951535 -22.067727288213003
v -2.067727288213005 9.510565162951535 -22.29644380354319
v -1.8163563200134025 9.510565162951535 -22.5
v -1.5450849718747384 9.510565162951535 -22.676165673298172
v -1.256885349454395 9.510565162951535 -22.823010715456025
v -0.9549150281252633 9.510565162951535 -22.938926261462367
v -0.6424824579191748 9.510565162951535 -23.022642316338267
v -0.32301071545602605 9.510565162951535 -23.073241669467798
v -5.676550095651224e-16 9.510565162951535 -23.090169943749473
v 0.32301071545602494 9.510565162951535 -23.073241669467798
v 0.6424824579191737 9.510565162951535 -23.022642316338267
v 0.9549150281252622 9.510565162951535 -22.938926261462367
v 1.2568853494543941 9.510565162951535 -22.823010715456025
v 1.5450849718747375 9.510565162951535 -22.676165673298176
v 1.8163563200134014 9.510565162951535 -22.5
v 2.067727288213005 9.510565162951535 -22.29644380354319
v 2.29644380354319 9.510565162951535 -22.067727288213007
v 2.4999999999999996 9.510565162951535 -21.8163563200134
v 2.6761656732981733 9.510565162951535 -21.54508497187474
v 2.823010715456024 9.510565162951535 -21.256885349454397
v 2.9389262614623655 9.510565162951535 -20.954915028125264
v 3.022642316338267 9.510565162951535 -20.642482457919176
v 3.0732416694677975 9.510565162951535 -20.323010715456025
v 3.5836794954530027 9.335804264972017 -20.0
v 3.5640477242103374 9.335804264972017 -19.6254034894965
v 3.50536750027629 9.335804264972017 -19.25491113675143
v 3.4082817364639064 9.335804264972017 -18.892582133511986
v 3.273854124718018 9.335804264972017 -18.542386232159867
v 3.1035574820837004 9.335804264972017 -18.208160252273498
v 2.8992576142145166 9.335804264972017 -17.893566043629793
v 2.663192873215338 9.335804264972017 -17.602050366211724
v 2.397949633788275 9.335804264972017 -17.336807126784663
v 2.106433956370206 9.335804264972017 -17.100742385785484
v 1.7918397477265018 9.335804264972017 -16.8964425179163
v 1.4576137678401324 9.335804264972017 -16.726145875281983
v 1.107417866488015 9.335804264972017 -16.591718263536094
v 0.745088863248568 9.335804264972017 -16.49463249972371
v 0.37459651050350207 9.335804264972017 -16.435952275789663
v 2.1943708116382607e-16 9.335804264972017 -16.416320504547
v -0.3745965105035016 9.335804264972017 -16.435952275789663
v -0.7450888632485677 9.335804264972017 -16.49463249972371
v -1.1074178664880145 9.335804264972017 -16.591718263536094
v -1.457613767840131 9.335804264972017 -16.726145875281983
v -1.7918397477265005 9.335804264972017 -16.8964425179163
v -2.1064339563702057 9.335804264972017 -17.100742385785484
v -2.3979496337882735 9.335804264972017 -17.336807126784663
v -2.6631928732153383 9.335804264972017 -17.602050366211728
v -2.899257614214516 9.335804264972017 -17.893566043629793
v -3.1035574820837004 9.335804264972017 -18.208160252273498
v -3.2738541247180186 9.335804264972017 -18.54238623215987
v -3.4082817364639064 9.335804264972017 -18.892582133511986
v -3.50536750027629 9.335804264972017 -19.25491113675143
v -3.5640477242103374 9.335804264972017 -19.625403489496495
v -3.5836794954530027 9.335804264972017 -20.0
v -3.5640477242103374 9.335804264972017 -20.3745965105035
v -3.50536750027629 9.335804264972017 -20.74508886324857
v -3.4082817364639064 9.335804264972017 -21.107417866488017
v -3.273854124718019 9.335804264972017 -21.45761376784013
v -3.1035574820837 9.335804264972017 -21.791839747726502
v -2.899257614214517 9.335804264972017 -22.106433956370207
v -2.663192873215338 9.335804264972017 -22.397949633788276
v -2.3979496337882757 9.335804264972017 -22.663192873215337
v -2.1064339563702066 9.335804264972017 -22.899257614214516
v -1.791839747726503 9.335804264972017 -23.103557482083698
v -1.4576137678401313 9.335804264972017 -23.273854124718017
v -1.1074178664880154 9.335804264972017 -23.408281736463906
v -0.74508886324857 9.335804264972017 -23.50536750027629
v -0.37459651050350484 9.335804264972017 -23.564047724210337
v -6.583112434914782e-16 9.335804264972017 -23.583679495453
v 0.37459651050350357 9.335804264972017 -23.564047724210337
v 0.7450888632485688 9.335804264972017 -23.50536750027629
v 1.1074178664880143 9.335804264972017 -23.408281736463906
v 1.4576137678401302 9.335804264972017 -23.27385412471802
v 1.7918397477265018 9.335804264972017 -23.1035574820837
v 2.1064339563702053 9.335804264972017 -22.899257614214516
v 2.3979496337882757 9.335804264972017 -22.663192873215337
v 2.663192873215336 9.335804264972017 -22.397949633788276
v 2.899257614214516 9.335804264972017 -22.106433956370207
v 3.103557482083699 9.335804264972017 -21.791839747726502
v 3.2738541247180186 9.335804264972017 -21.457613767840133
v 3.4082817364639064 9.335804264972017 -21.107417866488017
v 3.5053675002762894 9.335804264972017 -20.74508886324857
v 3.5640477242103374 9.335804264972017 -20.374596510503505
v 4.0673664307580015 9.135454576426008 -20.0
v 4.045084971874736 9.135454576426008 -19.574844437446426
v 3.978484715551162 9.135454576426008 -19.154346968205708
v 3.8682953481325577 9.135454576426008 -18.743114650545603
v 3.7157241273869706 9.135454576426008 -18.345653031794292
v 3.5224426555364694 9.135454576426008 -17.966316784621
v 3.290568564833396 9.135454576426008 -17.60926199633097
v 3.022642316338267 9.135454576426008 -17.27840063390323
v 2.7215993660967666 9.135454576426008 -16.977357683661733
v 2.390738003669028 9.135454576426008 -16.709431435166604
v 2.033683215379001 9.135454576426008 -16.47755734446353
v 1.6543469682057095 9.135454576426008 -16.28427587261303
v 1.2568853494543955 9.135454576426008 -16.13170465186744
v 0.8456530317942905 9.135454576426008 -16.02151528444884
v 0.4251555625535745 9.135454576426008 -15.954915028125264
v 2.4905436401935905e-16 9.135454576426008 -15.932633569241998
v -0.425155562553574 9.135454576426008 -15.954915028125264
v -0.8456530317942901 9.135454576426008 -16.02151528444884
v -1.256885349454395 9.135454576426008 -16.13170465186744
v -1.654346968205708 9.135454576426008 -16.28427587261303
v -2.033683215379 9.135454576426008 -16.47755734446353
v -2.3907380036690276 9.135454576426008 -16.709431435166604
v -2.7215993660967652 9.135454576426008 -16.977357683661733
v -3.0226423163382674 9.135454576426008 -17.278400633903235
v -3.2905685648333955 9.135454576426008 -17.60926199633097
v -3.5224426555364694 9.135454576426008 -17.966316784621
v -3.715724127386971 9.135454576426008 -18.345653031794292
v -3.8682953481325577 9.135454576426008 -18.743114650545603
v -3.978484715551162 9.135454576426008 -19.154346968205708
v -4.045084971874736 9.135454576426008 -19.574844437446423
v -4.0673664307580015 9.135454576426008 -20.0
v -4.045084971874736 9.135454576426008 -20.425155562553574
v -3.978484715551162 9.135454576426008 -20.84565303179429
v -3.8682953481325577 9.135454576426008 -21.256885349454397
v -3.7157241273869714 9.135454576426008 -21.654346968205708
v -3.522442655536469 9.135454576426008 -22.033683215379
v -3.290568564833397 9.135454576426008 -22.39073800366903
v -3.022642316338267 9.135454576426008 -22.72159936609677
v -2.7215993660967674 9.135454576426008 -23.022642316338267
v -2.3907380036690284 9.135454576426008 -23.290568564833396
v -2.0336832153790025 9.135454576426008 -23.52244265553647
v -1.6543469682057084 9.135454576426008 -23.71572412738697
v -1.256885349454396 9.135454576426008 -23.86829534813256
v -0.8456530317942927 9.135454576426008 -23.97848471555116
v -0.42515556255357767 9.135454576426008 -24.045084971874736
v -7.471630920580771e-16 9.135454576426008 -24.067366430758
v 0.4251555625535762 9.135454576426008 -24.045084971874736
v 0.8456530317942913 9.135454576426008 -23.97848471555116
v 1.2568853494543946 9.135454576426008 -23.86829534813256
v 1.6543469682057068 9.135454576426008 -23.71572412738697
v 2.033683215379001 9.135454576426008 -23.52244265553647
v 2.390738003669027 9.135454576426008 -23.290568564833396
v 2.7215993660967674 9.135454576426008 -23.022642316338267
v 3.0226423163382647 9.135454576426008 -22.72159936609677
v 3.2905685648333955 9.135454576426008 -22.39073800366903
v 3.522442655536468 9.135454576426008 -22.033683215379003
v 3.715724127386971 9.135454576426008 -21.654346968205708
v 3.8682953481325577 9.135454576426008 -21.256885349454397
v 3.9784847155511613 9.135454576426008 -20.845653031794292
v 4.045084971874736 9.135454576426008 -20.425155562553577
v 4.5399049973954675 8.910065241883679 -20.0
v 4.515034922801636 8.910065241883679 -19.525450707241113
v 4.4406971807617905 8.910065241883679 -19.056100675839513
v 4.317706231133891 8.910065241883679 -18.59709220295705
v 4.147409588499573 8.910065241883679 -18.153454281476318
v 3.9316730585124007 8.910065241883679 -17.730047501302266
v 3.672860295740685 8.910065241883679 -17.331510795722046
v 3.3738069069734045 8.910065241883679 -16.962210616281162
v 3.03778938371884 8.910065241883679 -16.626193093026597
v 2.6684892042779547 8.910065241883679 -16.327139704259316
v 2.269952498697734 8.910065241883679 -16.068326941487598
v 1.8465457185236827 8.910065241883679 -15.852590411500426
v 1.402907797042951 8.910065241883679 -15.68229376886611
v 0.9438993241604865 8.910065241883679 -15.559302819238209
v 0.47454929275888846 8.910065241883679 -15.484965077198364
v 2.779890061746716e-16 8.910065241883679 -15.460095002604533
v -0.4745492927588879 8.910065241883679 -15.484965077198364
v -0.9438993241604859 8.910065241883679 -15.559302819238209
v -1.4029077970429504 8.910065241883679 -15.682293768866108
v -1.846545718523681 8.910065241883679 -15.852590411500426
v -2.269952498697733 8.910065241883679 -16.068326941487598
v -2.6684892042779538 8.910065241883679 -16.327139704259316
v -3.0377893837188386 8.910065241883679 -16.626193093026593
v -3.3738069069734054 8.910065241883679 -16.962210616281162
v -3.6728602957406844 8.910065241883679 -17.331510795722046
v -3.9316730585124007 8.910065241883679 -17.730047501302266
v -4.147409588499573 8.910065241883679 -18.153454281476318
v -4.317706231133891 8.910065241883679 -18.59709220295705
v -4.4406971807617905 8.910065241883679 -19.056100675839513
v -4.515034922801636 8.910065241883679 -19.52545070724111
v -4.5399049973954675 8.910065241883679 -20.0
v -4.515034922801636 8.910065241883679 -20.474549292758887
v -4.4406971807617905 8.910065241883679 -20.943899324160487
v -4.317706231133891 8.910065241883679 -21.402907797042953
v -4.147409588499574 8.910065241883679 -21.84654571852368
v -3.9316730585124002 8.910065241883679 -22.269952498697734
v -3.6728602957406853 8.910065241883679 -22.668489204277954
v -3.3738069069734045 8.910065241883679 -23.037789383718838
v -3.0377893837188408 8.910065241883679 -23.373806906973403
v -2.668489204277955 8.910065241883679 -23.672860295740684
v -2.269952498697736 8.910065241883679 -23.9316730585124
v -1.8465457185236813 8.910065241883679 -24.147409588499574
v -1.4029077970429515 8.910065241883679 -24.31770623113389
v -0.9438993241604889 8.910065241883679 -24.44069718076179
v -0.474549292758892 8.910065241883679 -24.515034922801636
v -8.339670185240148e-16 8.910065241883679 -24.539904997395467
v 0.47454929275889035 8.910065241883679 -24.515034922801636
v 0.9438993241604874 8.910065241883679 -24.44069718076179
v 1.40290779704295 8.910065241883679 -24.31770623113389
v 1.84654571852368 8.910065241883679 -24.147409588499574
v 2.269952498697734 8.910065241883679 -23.931673058512402
v 2.6684892042779533 8.910065241883679 -23.672860295740684
v 3.0377893837188408 8.910065241883679 -23.373806906973403
v 3.3738069069734022 8.910065241883679 -23.03778938371884
v 3.6728602957406844 8.910065241883679 -22.668489204277954
v 3.9316730585123993 8.910065241883679 -22.269952498697737
v 4.147409588499573 8.910065241883679 -21.846545718523682
v 4.317706231133891 8.910065241883679 -21.402907797042953
v 4.4406971807617905 8.910065241883679 -20.94389932416049
v 4.515034922801636 8.910065241883679 -20.474549292758894
v 4.999999999999999 8.660254037844387 -20.0
v 4.972609476841366 8.660254037844387 -19.477357683661733
v 4.890738003669028 8.660254037844387 -18.960441545911202
v 4.755282581475766 8.660254037844387 -18.454915028125264
v 4.567727288213003 8.660254037844387 -17.966316784621
v 4.330127018922193 8.660254037844387 -17.5
v 4.045084971874736 8.660254037844387 -17.061073738537637
v 3.7157241273869706 8.660254037844387 -16.654346968205708
v 3.3456530317942907 8.660254037844387 -16.28427587261303
v 2.938926261462365 8.660254037844387 -15.954915028125264
v 2.5 8.660254037844387 -15.669872981077809
v 2.0336832153790017 8.660254037844387 -15.432272711786997
v 1.545084971874737 8.660254037844387 -15.244717418524234
v 1.0395584540887959 8.660254037844387 -15.109261996330972
v 0.5226423163382672 8.660254037844387 -15.027390523158633
v 3.0616169978683826e-16 8.660254037844387 -15.0
v -0.5226423163382665 8.660254037844387 -15.027390523158633
v -1.0395584540887954 8.660254037844387 -15.109261996330972
v -1.5450849718747364 8.660254037844387 -15.244717418524232
v -2.033683215379 8.660254037844387 -15.432272711786997
v -2.4999999999999987 8.660254037844387 -15.669872981077807
v -2.9389262614623646 8.660254037844387 -15.954915028125264
v -3.345653031794289 8.660254037844387 -16.28427587261303
v -3.715724127386971 8.660254037844387 -16.65434696820571
v -4.045084971874736 8.660254037844387 -17.061073738537633
v -4.330127018922193 8.660254037844387 -17.5
v -4.567727288213004 8.660254037844387 -17.966316784621
v -4.755282581475766 8.660254037844387 -18.454915028125264
v -4.890738003669028 8.660254037844387 -18.960441545911202
v -4.972609476841366 8.660254037844387 -19.477357683661733
v -4.999999999999999 8.660254037844387 -20.0
v -4.972609476841366 8.660254037844387 -20.522642316338267
v -4.890738003669028 8.660254037844387 -21.039558454088795
v -4.755282581475766 8.660254037844387 -21.54508497187474
v -4.567727288213004 8.660254037844387 -22.033683215379
v -4.330127018922192 8.660254037844387 -22.5
v -4.045084971874737 8.660254037844387 -22.938926261462363
v -3.7157241273869706 8.660254037844387 -23.345653031794292
v -3.3456530317942916 8.660254037844387 -23.71572412738697
v -2.938926261462366 8.660254037844387 -24.045084971874736
v -2.5000000000000018 8.660254037844387 -24.33012701892219
v -2.0336832153790003 8.660254037844387 -24.567727288213003
v -1.5450849718747375 8.660254037844387 -24.755282581475768
v -1.0395584540887988 8.660254037844387 -24.89073800366903
v -0.5226423163382711 8.660254037844387 -24.972609476841367
v -9.184850993605146e-16 8.660254037844387 -25.0
v 0.5226423163382693 8.660254037844387 -24.972609476841367
v 1.039558454088797 8.660254037844387 -24.89073800366903
v 1.545084971874736 8.660254037844387 -24.755282581475768
v 2.0336832153789985 8.660254037844387 -24.567727288213003
v 2.5 8.660254037844387 -24.33012701892219
v 2.938926261462364 8.660254037844387 -24.045084971874736
v 3.3456530317942916 8.660254037844387 -23.71572412738697
v 3.715724127386968 8.660254037844387 -23.345653031794292
v 4.045084971874736 8.660254037844387 -22.938926261462367
v 4.330127018922191 8.660254037844387 -22.5
v 4.567727288213004 8.660254037844387 -22.033683215379
v 4.755282581475766 8.660254037844387 -21.545084971874736
v 4.890738003669027 8.660254037844387 -21.039558454088798
v 4.972609476841366 8.660254037844387 -20.52264231633827
v 5.44639035015027 8.386705679454241 -20.0
v 5.41655445394692 8.386705679454241 -19.430697186343014
v 5.327373653659238 8.386705679454241 -18.86763177344673
v 5.179825032797457 8.386705679454241 -18.316972823803845
v 4.975525164928273 8.386705679454241 -17.784753472099446
v 4.716712402156558 8.386705679454241 -17.276804824924866
v 4.406222351271289 8.386705679454241 -16.79869207395363
v 4.0474568062441865 8.386705679454241 -16.355653522536915
v 3.6443464774630843 8.386705679454241 -15.952543193755815
v 3.2013079260463675 8.386705679454241 -15.593777648728711
v 2.7231951750751353 8.386705679454241 -15.283287597843444
v 2.2152465279005535 8.386705679454241 -15.024474835071727
v 1.683027176196154 8.386705679454241 -14.820174967202544
v 1.1323682265532704 8.386705679454241 -14.672626346340762
v 0.5693028136569848 8.386705679454241 -14.583445546053081
v 3.33495225460928e-16 8.386705679454241 -14.55360964984973
v -0.569302813656984 8.386705679454241 -14.58344554605308
v -1.1323682265532697 8.386705679454241 -14.672626346340762
v -1.6830271761961533 8.386705679454241 -14.820174967202544
v -2.2152465279005518 8.386705679454241 -15.024474835071725
v -2.7231951750751335 8.386705679454241 -15.283287597843442
v -3.2013079260463666 8.386705679454241 -15.593777648728711
v -3.6443464774630825 8.386705679454241 -15.952543193755812
v -4.047456806244187 8.386705679454241 -16.35565352253692
v -4.406222351271288 8.386705679454241 -16.79869207395363
v -4.716712402156558 8.386705679454241 -17.276804824924866
v -4.975525164928274 8.386705679454241 -17.78475347209945
v -5.179825032797457 8.386705679454241 -18.316972823803845
v -5.327373653659238 8.386705679454241 -18.86763177344673
v -5.41655445394692 8.386705679454241 -19.430697186343014
v -5.44639035015027 8.386705679454241 -20.0
v -5.41655445394692 8.386705679454241 -20.569302813656986
v -5.327373653659238 8.386705679454241 -21.132368226553268
v -5.179825032797457 8.386705679454241 -21.683027176196155
v -4.975525164928275 8.386705679454241 -22.21524652790055
v -4.716712402156557 8.386705679454241 -22.723195175075134
v -4.406222351271289 8.386705679454241 -23.20130792604637
v -4.0474568062441865 8.386705679454241 -23.644346477463085
v -3.6443464774630856 8.386705679454241 -24.047456806244185
v -3.201307926046368 8.386705679454241 -24.40622235127129
v -2.723195175075137 8.386705679454241 -24.716712402156556
v -2.215246527900552 8.386705679454241 -24.975525164928275
v -1.6830271761961546 8.386705679454241 -25.179825032797456
v -1.1323682265532733 8.386705679454241 -25.327373653659237
v -0.569302813656989 8.386705679454241 -25.41655445394692
v -1.000485676382784e-15 8.386705679454241 -25.44639035015027
v 0.569302813656987 8.386705679454241 -25.41655445394692
v 1.1323682265532713 8.386705679454241 -25.327373653659237
v 1.6830271761961528 8.386705679454241 -25.179825032797456
v 2.2152465279005504 8.386705679454241 -24.975525164928275
v 2.7231951750751353 8.386705679454241 -24.716712402156556
v 3.201307926046366 8.386705679454241 -24.40622235127129
v 3.6443464774630856 8.386705679454241 -24.047456806244185
v 4.047456806244183 8.386705679454241 -23.64434647746309
v 4.406222351271288 8.386705679454241 -23.20130792604637
v 4.716712402156556 8.386705679454241 -22.723195175075137
v 4.975525164928274 8.386705679454241 -22.215246527900554
v 5.179825032797457 8.386705679454241 -21.683027176196155
v 5.3273736536592375 8.386705679454241 -21.132368226553275
v 5.41655445394692 8.386705679454241 -20.56930281365699
v 5.877852522924732 8.090169943749475 -20.0
v 5.845653031794291 8.090169943749475 -19.38559710846478
v 5.749407342765973 8.090169943749475 -18.777925743581285
v 5.5901699437494745 8.090169943749475 -18.1836436799866
v 5.36968547301099 8.090169943749475 -17.60926199633097
v 5.090369604551273 8.090169943749475 -17.061073738537633
v 4.755282581475768 8.090169943749475 -16.545084971874736
v 4.3680956873307615 8.090169943749475 -16.066948977247428
v 3.9330510227525703 8.090169943749475 -15.631904312669239
v 3.454915028125263 8.090169943749475 -15.244717418524232
v 2.9389262614623664 8.090169943749475 -14.909630395448728
v 2.3907380036690293 8.090169943749475 -14.630314526989011
v 1.8163563200134025 8.090169943749475 -14.409830056250525
v 1.2220742564187128 8.090169943749475 -14.250592657234026
v 0.614402891535222 8.090169943749475 -14.154346968205708
v 3.5991466390299835e-16 8.090169943749475 -14.122147477075268
v -0.6144028915352213 8.090169943749475 -14.154346968205708
v -1.2220742564187121 8.090169943749475 -14.250592657234026
v -1.8163563200134019 8.090169943749475 -14.409830056250524
v -2.3907380036690276 8.090169943749475 -14.63031452698901
v -2.9389262614623646 8.090169943749475 -14.909630395448726
v -3.4549150281252627 8.090169943749475 -15.244717418524232
v -3.9330510227525686 8.090169943749475 -15.631904312669239
v -4.368095687330762 8.090169943749475 -16.06694897724743
v -4.755282581475768 8.090169943749475 -16.545084971874736
v -5.090369604551273 8.090169943749475 -17.061073738537633
v -5.369685473010991 8.090169943749475 -17.60926199633097
v -5.5901699437494745 8.090169943749475 -18.1836436799866
v -5.749407342765973 8.090169943749475 -18.777925743581285
v -5.845653031794291 8.090169943749475 -19.385597108464776
v -5.877852522924732 8.090169943749475 -20.0
v -5.845653031794291 8.090169943749475 -20.61440289153522
v -5.749407342765973 8.090169943749475 -21.22207425641871
v -5.5901699437494745 8.090169943749475 -21.816356320013405
v -5.369685473010992 8.090169943749475 -22.390738003669025
v -5.090369604551272 8.090169943749475 -22.938926261462367
v -4.755282581475769 8.090169943749475 -23.454915028125264
v -4.3680956873307615 8.090169943749475 -23.933051022752572
v -3.9330510227525717 8.090169943749475 -24.368095687330758
v -3.454915028125264 8.090169943749475 -24.755282581475768
v -2.9389262614623686 8.090169943749475 -25.09036960455127
v -2.3907380036690276 8.090169943749475 -25.36968547301099
v -1.8163563200134032 8.090169943749475 -25.590169943749473
v -1.2220742564187161 8.090169943749475 -25.749407342765974
v -0.6144028915352266 8.090169943749475 -25.845653031794292
v -1.0797439917089951e-15 8.090169943749475 -25.877852522924734
v 0.6144028915352244 8.090169943749475 -25.845653031794292
v 1.2220742564187141 8.090169943749475 -25.749407342765974
v 1.8163563200134012 8.090169943749475 -25.590169943749476
v 2.390738003669026 8.090169943749475 -25.369685473010993
v 2.9389262614623664 8.090169943749475 -25.09036960455127
v 3.454915028125262 8.090169943749475 -24.755282581475768
v 3.9330510227525717 8.090169943749475 -24.368095687330758
v 4.368095687330758 8.090169943749475 -23.933051022752572
v 4.755282581475768 8.090169943749475 -23.454915028125264
v 5.09036960455127 8.090169943749475 -22.93892626146237
v 5.369685473010991 8.090169943749475 -22.39073800366903
v 5.5901699437494745 8.090169943749475 -21.816356320013405
v 5.749407342765973 8.090169943749475 -21.222074256418715
v 5.845653031794291 8.090169943749475 -20.614402891535228
v 6.2932039104983755 7.771459614569709 -20.0
v 6.258729081007874 7.771459614569709 -19.34218106620562
v 6.15568230598259 7.771459614569709 -18.69156933430735
v 5.985192587453622 7.771459614569709 -18.055293042589128
v 5.749127846454444 7.771459614569709 -17.440323367252393
v 5.4500744576871645 7.771459614569709 -16.85339804475081
v 5.091308912660062 7.771459614569709 -16.300947551739732
v 4.676761921760971 7.771459614569709 -15.789024651428285
v 4.210975348571716 7.771459614569709 -15.32323807823903
v 3.6990524482602662 7.771459614569709 -14.908691087339939
v 3.1466019552491886 7.771459614569709 -14.549925542312836
v 2.559676632747609 7.771459614569709 -14.250872153545556
v 1.9447069574108737 7.771459614569709 -14.014807412546379
v 1.3084306656926517 7.771459614569709 -13.844317694017409
v 0.6578189337943825 7.771459614569709 -13.741270918992125
v 3.8534760126867207e-16 7.771459614569709 -13.706796089501625
v -0.6578189337943817 7.771459614569709 -13.741270918992125
v -1.308430665692651 7.771459614569709 -13.844317694017409
v -1.944706957410873 7.771459614569709 -14.014807412546377
v -2.559676632747607 7.771459614569709 -14.250872153545554
v -3.1466019552491864 7.771459614569709 -14.549925542312835
v -3.6990524482602654 7.771459614569709 -14.908691087339939
v -4.210975348571714 7.771459614569709 -15.32323807823903
v -4.676761921760971 7.771459614569709 -15.789024651428285
v -5.091308912660061 7.771459614569709 -16.300947551739732
v -5.4500744576871645 7.771459614569709 -16.85339804475081
v -5.749127846454445 7.771459614569709 -17.440323367252393
v -5.985192587453622 7.771459614569709 -18.055293042589128
v -6.15568230598259 7.771459614569709 -18.69156933430735
v -6.258729081007874 7.771459614569709 -19.342181066205615
v -6.2932039104983755 7.771459614569709 -20.0
v -6.258729081007874 7.771459614569709 -20.65781893379438
v -6.15568230598259 7.771459614569709 -21.30843066569265
v -5.985192587453622 7.771459614569709 -21.944706957410876
v -5.749127846454445 7.771459614569709 -22.559676632747607
v -5.450074457687164 7.771459614569709 -23.14660195524919
v -5.091308912660062 7.771459614569709 -23.699052448260264
v -4.676761921760971 7.771459614569709 -24.210975348571715
v -4.210975348571718 7.771459614569709 -24.67676192176097
v -3.6990524482602667 7.771459614569709 -25.09130891266006
v -3.1466019552491904 7.771459614569709 -25.450074457687162
v -2.5596766327476073 7.771459614569709 -25.749127846454446
v -1.9447069574108744 7.771459614569709 -25.98519258745362
v -1.308430665692655 7.771459614569709 -26.155682305982587
v -0.6578189337943874 7.771459614569709 -26.258729081007875
v -1.1560428038060163e-15 7.771459614569709 -26.293203910498377
v 0.6578189337943852 7.771459614569709 -26.258729081007875
v 1.3084306656926528 7.771459614569709 -26.155682305982587
v 1.9447069574108724 7.771459614569709 -25.985192587453625
v 2.559676632747605 7.771459614569709 -25.749127846454446
v 3.1466019552491886 7.771459614569709 -25.450074457687165
v 3.699052448260265 7.771459614569709 -25.09130891266006
v 4.210975348571718 7.771459614569709 -24.67676192176097
v 4.676761921760967 7.771459614569709 -24.21097534857172
v 5.091308912660061 7.771459614569709 -23.699052448260268
v 5.450074457687162 7.771459614569709 -23.14660195524919
v 5.749127846454445 7.771459614569709 -22.559676632747607
v 5.985192587453622 7.771459614569709 -21.944706957410876
v 6.155682305982589 7.771459614569709 -21.308430665692654
v 6.258729081007874 7.771459614569709 -20.65781893379439
v 6.691306063588582 7.431448254773942 -20.0
v 6.654650388849337 7.431448254773942 -19.300568059919556
v 6.545084971874737 7.431448254773942 -18.608799242540172
v 6.363810234301194 7.431448254773942 -17.932272711786997
v 6.1128122600877415 7.431448254773942 -17.27840063390323
v 5.794841035564565 7.431448254773942 -16.654346968205708
v 5.413380320007296 7.431448254773942 -16.066948977247428
v 4.972609476841367 7.431448254773942 -15.522642316338267
v 4.477357683661733 7.431448254773942 -15.027390523158633
v 3.9330510227525703 7.431448254773942 -14.586619679992705
v 3.345653031794292 7.431448254773942 -14.205158964435435
v 2.721599366096768 7.431448254773942 -13.887187739912259
v 2.0677272882130047 7.431448254773942 -13.636189765698806
v 1.3912007574598269 7.431448254773942 -13.454915028125264
v 0.699431940080446 7.431448254773942 -13.345349611150663
v 4.0972432764445166e-16 7.431448254773942 -13.308693936411418
v -0.6994319400804452 7.431448254773942 -13.345349611150663
v -1.3912007574598262 7.431448254773942 -13.454915028125264
v -2.0677272882130038 7.431448254773942 -13.636189765698806
v -2.7215993660967657 7.431448254773942 -13.887187739912257
v -3.34565303179429 7.431448254773942 -14.205158964435434
v -3.9330510227525695 7.431448254773942 -14.586619679992705
v -4.47735768366173 7.431448254773942 -15.027390523158632
v -4.972609476841368 7.431448254773942 -15.522642316338269
v -5.413380320007295 7.431448254773942 -16.066948977247428
v -5.794841035564565 7.431448254773942 -16.654346968205708
v -6.112812260087742 7.431448254773942 -17.278400633903235
v -6.363810234301194 7.431448254773942 -17.932272711786993
v -6.545084971874737 7.431448254773942 -18.608799242540172
v -6.654650388849337 7.431448254773942 -19.300568059919552
v -6.691306063588582 7.431448254773942 -20.0
v -6.654650388849337 7.431448254773942 -20.699431940080448
v -6.545084971874737 7.431448254773942 -21.391200757459824
v -6.363810234301194 7.431448254773942 -22.067727288213007
v -6.112812260087743 7.431448254773942 -22.721599366096765
v -5.7948410355645645 7.431448254773942 -23.345653031794292
v -5.413380320007296 7.431448254773942 -23.93305102275257
v -4.972609476841367 7.431448254773942 -24.477357683661733
v -4.477357683661735 7.431448254773942 -24.972609476841367
v -3.933051022752571 7.431448254773942 -25.413380320007295
v -3.3456530317942943 7.431448254773942 -25.794841035564563
v -2.721599366096766 7.431448254773942 -26.112812260087743
v -2.0677272882130056 7.431448254773942 -26.363810234301194
v -1.3912007574598306 7.431448254773942 -26.545084971874736
v -0.6994319400804512 7.431448254773942 -26.654650388849337
v -1.2291729829333549e-15 7.431448254773942 -26.691306063588584
v 0.6994319400804487 7.431448254773942 -26.654650388849337
v 1.3912007574598282 7.431448254773942 -26.545084971874736
v 2.0677272882130033 7.431448254773942 -26.363810234301194
v 2.721599366096764 7.431448254773942 -26.112812260087743
v 3.345653031794292 7.431448254773942 -25.794841035564566
v 3.9330510227525686 7.431448254773942 -25.413380320007295
v 4.477357683661735 7.431448254773942 -24.972609476841367
v 4.972609476841363 7.431448254773942 -24.477357683661737
v 5.413380320007295 7.431448254773942 -23.933051022752572
v 5.794841035564563 7.431448254773942 -23.345653031794296
v 6.112812260087742 7.431448254773942 -22.72159936609677
v 6.363810234301194 7.431448254773942 -22.067727288213007
v 6.545084971874737 7.431448254773942 -21.39120075745983
v 6.654650388849337 7.431448254773942 -20.69943194008045
v 7.071067811865475 7.0710678118654755 -20.0
v 7.0323317625340405 7.0710678118654755 -19.26087214796433
v 6.916548014802255 7.0710678118654755 -18.529842335348015
v 6.724985119639572 7.0710678118654755 -17.814919877755894
v 6.459741880212509 7.0710678118654755 -17.123937615240493
v 6.123724356957945 7.0710678118654755 -16.464466094067262
v 5.7206140281768425 7.0710678118654755 -15.843730622225465
v 5.254827454987588 7.0710678118654755 -15.26853210744185
v 4.73146789255815 7.0710678118654755 -14.745172545012412
v 4.156269377774534 7.0710678118654755 -14.279385971823157
v 3.535533905932738 7.0710678118654755 -13.876275643042057
v 2.8760623847595084 7.0710678118654755 -13.540258119787492
v 2.185080122244105 7.0710678118654755 -13.275014880360427
v 1.4701576646519838 7.0710678118654755 -13.083451985197744
v 0.739127852035667 7.0710678118654755 -12.96766823746596
v 4.329780281177466e-16 7.0710678118654755 -12.928932188134524
v -0.7391278520356661 7.0710678118654755 -12.967668237465958
v -1.4701576646519832 7.0710678118654755 -13.083451985197744
v -2.1850801222441047 7.0710678118654755 -13.275014880360427
v -2.876062384759506 7.0710678118654755 -13.54025811978749
v -3.5355339059327355 7.0710678118654755 -13.876275643042055
v -4.156269377774533 7.0710678118654755 -14.279385971823157
v -4.731467892558148 7.0710678118654755 -14.74517254501241
v -5.254827454987589 7.0710678118654755 -15.268532107441851
v -5.720614028176842 7.0710678118654755 -15.843730622225465
v -6.123724356957945 7.0710678118654755 -16.464466094067262
v -6.45974188021251 7.0710678118654755 -17.123937615240493
v -6.724985119639572 7.0710678118654755 -17.814919877755894
v -6.916548014802255 7.0710678118654755 -18.529842335348015
v -7.0323317625340405 7.0710678118654755 -19.26087214796433
v -7.071067811865475 7.0710678118654755 -20.0
v -7.0323317625340405 7.0710678118654755 -20.73912785203567
v -6.916548014802255 7.0710678118654755 -21.470157664651982
v -6.724985119639572 7.0710678118654755 -22.18508012224411
v -6.459741880212511 7.0710678118654755 -22.876062384759503
v -6.123724356957944 7.0710678118654755 -23.535533905932738
v -5.720614028176843 7.0710678118654755 -24.156269377774535
v -5.254827454987588 7.0710678118654755 -24.73146789255815
v -4.731467892558151 7.0710678118654755 -25.254827454987588
v -4.156269377774535 7.0710678118654755 -25.72061402817684
v -3.5355339059327404 7.0710678118654755 -26.123724356957943
v -2.876062384759506 7.0710678118654755 -26.459741880212512
v -2.185080122244106 7.0710678118654755 -26.724985119639573
v -1.4701576646519878 7.0710678118654755 -26.916548014802252
v -0.7391278520356724 7.0710678118654755 -27.032331762534042
v -1.2989340843532398e-15 7.0710678118654755 -27.071067811865476
v 0.7391278520356699 7.0710678118654755 -27.032331762534042
v 1.4701576646519852 7.0710678118654755 -26.916548014802252
v 2.185080122244104 7.0710678118654755 -26.724985119639573
v 2.876062384759504 7.0710678118654755 -26.459741880212512
v 3.535533905932738 7.0710678118654755 -26.123724356957943
v 4.1562693777745325 7.0710678118654755 -25.720614028176843
v 4.731467892558151 7.0710678118654755 -25.254827454987588
v 5.254827454987584 7.0710678118654755 -24.731467892558154
v 5.720614028176842 7.0710678118654755 -24.156269377774535
v 6.1237243569579425 7.0710678118654755 -23.53553390593274
v 6.45974188021251 7.0710678118654755 -22.876062384759507
v 6.724985119639572 7.0710678118654755 -22.185080122244106
v 6.916548014802254 7.0710678118654755 -21.47015766465199
v 7.0323317625340405 7.0710678118654755 -20.739127852035672
v 7.431448254773941 6.691306063588582 -20.0
v 7.390738003669027 6.691306063588582 -19.223202134075393
v 7.269053280384558 6.691306063588582 -18.454915028125264
v 7.067727288213003 6.691306063588582 -17.70355619645681
v 6.788965796854767 6.691306063588582 -16.977357683661733
v 6.435822975543765 6.691306063588582 -16.28427587261303
v 6.012167930930163 6.691306063588582 -15.631904312669239
v 5.522642316338266 6.691306063588582 -15.027390523158633
v 4.972609476841366 6.691306063588582 -14.477357683661733
v 4.368095687330761 6.691306063588582 -13.987832069069837
v 3.7157241273869714 6.691306063588582 -13.564177024456235
v 3.0226423163382683 6.691306063588582 -13.211034203145232
v 2.296443803543192 6.691306063588582 -12.932272711786997
v 1.5450849718747361 6.691306063588582 -12.730946719615442
v 0.7767978659246053 6.691306063588582 -12.609261996330973
v 4.550449659119046e-16 6.691306063588582 -12.56855174522606
v -0.7767978659246043 6.691306063588582 -12.609261996330972
v -1.5450849718747353 6.691306063588582 -12.730946719615442
v -2.296443803543191 6.691306063588582 -12.932272711786997
v -3.0226423163382656 6.691306063588582 -13.211034203145232
v -3.715724127386969 6.691306063588582 -13.564177024456235
v -4.36809568733076 6.691306063588582 -13.987832069069837
v -4.972609476841363 6.691306063588582 -14.477357683661733
v -5.522642316338267 6.691306063588582 -15.027390523158637
v -6.012167930930162 6.691306063588582 -15.631904312669239
v -6.435822975543765 6.691306063588582 -16.28427587261303
v -6.788965796854768 6.691306063588582 -16.977357683661733
v -7.067727288213003 6.691306063588582 -17.70355619645681
v -7.269053280384558 6.691306063588582 -18.454915028125264
v -7.390738003669027 6.691306063588582 -19.223202134075393
v -7.431448254773941 6.691306063588582 -20.0
v -7.390738003669027 6.691306063588582 -20.776797865924607
v -7.269053280384558 6.691306063588582 -21.545084971874736
v -7.067727288213003 6.691306063588582 -22.296443803543195
v -6.788965796854769 6.691306063588582 -23.022642316338263
v -6.435822975543764 6.691306063588582 -23.71572412738697
v -6.012167930930163 6.691306063588582 -24.368095687330758
v -5.522642316338266 6.691306063588582 -24.972609476841367
v -4.972609476841368 6.691306063588582 -25.522642316338263
v -4.368095687330761 6.691306063588582 -26.01216793093016
v -3.7157241273869737 6.691306063588582 -26.43582297554376
v -3.022642316338266 6.691306063588582 -26.788965796854768
v -2.296443803543193 6.691306063588582 -27.067727288213003
v -1.5450849718747401 6.691306063588582 -27.269053280384558
v -0.7767978659246111 6.691306063588582 -27.39073800366903
v -1.3651348977357137e-15 6.691306063588582 -27.43144825477394
v 0.7767978659246084 6.691306063588582 -27.39073800366903
v 1.5450849718747375 6.691306063588582 -27.269053280384558
v 2.29644380354319 6.691306063588582 -27.067727288213003
v 3.0226423163382634 6.691306063588582 -26.788965796854768
v 3.7157241273869714 6.691306063588582 -26.435822975543765
v 4.368095687330759 6.691306063588582 -26.01216793093016
v 4.972609476841368 6.691306063588582 -25.522642316338263
v 5.5226423163382625 6.691306063588582 -24.97260947684137
v 6.012167930930162 6.691306063588582 -24.36809568733076
v 6.435822975543762 6.691306063588582 -23.715724127386974
v 6.788965796854768 6.691306063588582 -23.022642316338267
v 7.067727288213003 6.691306063588582 -22.296443803543195
v 7.269053280384557 6.691306063588582 -21.54508497187474
v 7.390738003669027 6.691306063588582 -20.77679786592461
v 7.771459614569708 6.2932039104983755 -20.0
v 7.728886745659857 6.2932039104983755 -19.1876612691424
v 7.601634576191026 6.2932039104983755 -18.38422269141288
v 7.391097307561143 6.2932039104983755 -17.59848690799938
v 7.099581630143074 6.2932039104983755 -16.839062604570763
v 6.73028145070219 6.2932039104983755 -16.114270192715146
v 6.287242899285473 6.2932039104983755 -15.432050649769378
v 5.775319998974023 6.2932039104983755 -14.799878515809592
v 5.200121484190407 6.2932039104983755 -14.224680001025977
v 4.567949350230622 6.2932039104983755 -13.712757100714526
v 3.885729807284855 6.2932039104983755 -13.26971854929781
v 3.1609373954292366 6.2932039104983755 -12.900418369856926
v 2.4015130920006187 6.2932039104983755 -12.608902692438857
v 1.6157773085871194 6.2932039104983755 -12.398365423808974
v 0.812338730857602 6.2932039104983755 -12.271113254340143
v 4.758646570842858e-16 6.2932039104983755 -12.228540385430293
v -0.8123387308576011 6.2932039104983755 -12.271113254340143
v -1.6157773085871185 6.2932039104983755 -12.398365423808974
v -2.401513092000618 6.2932039104983755 -12.608902692438857
v -3.160937395429234 6.2932039104983755 -12.900418369856926
v -3.8857298072848523 6.2932039104983755 -13.26971854929781
v -4.567949350230621 6.2932039104983755 -13.712757100714526
v -5.200121484190405 6.2932039104983755 -14.224680001025975
v -5.775319998974024 6.2932039104983755 -14.799878515809594
v -6.287242899285472 6.2932039104983755 -15.432050649769376
v -6.73028145070219 6.2932039104983755 -16.114270192715146
v -7.099581630143075 6.2932039104983755 -16.839062604570767
v -7.391097307561143 6.2932039104983755 -17.59848690799938
v -7.601634576191026 6.2932039104983755 -18.38422269141288
v -7.728886745659857 6.2932039104983755 -19.187661269142396
v -7.771459614569708 6.2932039104983755 -20.0
v -7.728886745659857 6.2932039104983755 -20.8123387308576
v -7.601634576191026 6.2932039104983755 -21.61577730858712
v -7.391097307561143 6.2932039104983755 -22.40151309200062
v -7.099581630143076 6.2932039104983755 -23.160937395429233
v -6.730281450702189 6.2932039104983755 -23.885729807284854
v -6.287242899285474 6.2932039104983755 -24.56794935023062
v -5.775319998974023 6.2932039104983755 -25.200121484190408
v -5.200121484190409 6.2932039104983755 -25.77531999897402
v -4.567949350230623 6.2932039104983755 -26.287242899285474
v -3.8857298072848576 6.2932039104983755 -26.730281450702186
v -3.1609373954292344 6.2932039104983755 -27.099581630143074
v -2.4015130920006196 6.2932039104983755 -27.391097307561143
v -1.6157773085871239 6.2932039104983755 -27.601634576191024
v -0.8123387308576081 6.2932039104983755 -27.728886745659857
v -1.4275939712528573e-15 6.2932039104983755 -27.771459614569707
v 0.8123387308576052 6.2932039104983755 -27.728886745659857
v 1.615777308587121 6.2932039104983755 -27.601634576191024
v 2.401513092000617 6.2932039104983755 -27.391097307561143
v 3.1609373954292317 6.2932039104983755 -27.099581630143078
v 3.885729807284855 6.2932039104983755 -26.73028145070219
v 4.56794935023062 6.2932039104983755 -26.287242899285474
v 5.200121484190409 6.2932039104983755 -25.77531999897402
v 5.775319998974019 6.2932039104983755 -25.20012148419041
v 6.287242899285472 6.2932039104983755 -24.567949350230624
v 6.730281450702187 6.2932039104983755 -23.885729807284857
v 7.099581630143075 6.2932039104983755 -23.160937395429237
v 7.391097307561143 6.2932039104983755 -22.40151309200062
v 7.601634576191025 6.2932039104983755 -21.615777308587123
v 7.728886745659857 6.2932039104983755 -20.812338730857608
v 8.090169943749475 5.877852522924732 -20.0
v 8.045851146309165 5.877852522924732 -19.154346968205708
v 7.913380320007296 5.877852522924732 -18.31795908799203
v 7.694208842938133 5.877852522924732 -17.5
v 7.3907380036690284 5.877852522924732 -16.709431435166604
v 7.006292692220368 5.877852522924732 -15.954915028125264
v 6.545084971874737 5.877852522924732 -15.244717418524232
v 6.012167930930164 5.877852522924732 -14.586619679992705
v 5.413380320007296 5.877852522924732 -13.987832069069837
v 4.755282581475768 5.877852522924732 -13.454915028125264
v 4.045084971874738 5.877852522924732 -12.993707307779633
v 3.290568564833398 5.877852522924732 -12.609261996330972
v 2.5000000000000004 5.877852522924732 -12.305791157061867
v 1.6820409120079693 5.877852522924732 -12.086619679992705
v 0.845653031794291 5.877852522924732 -11.954148853690835
v 4.953800363085459e-16 5.877852522924732 -11.909830056250525
v -0.84565303179429 5.877852522924732 -11.954148853690835
v -1.6820409120079685 5.877852522924732 -12.086619679992705
v -2.4999999999999996 5.877852522924732 -12.305791157061865
v -3.290568564833395 5.877852522924732 -12.609261996330972
v -4.0450849718747355 5.877852522924732 -12.993707307779632
v -4.755282581475767 5.877852522924732 -13.454915028125264
v -5.413380320007294 5.877852522924732 -13.987832069069835
v -6.012167930930165 5.877852522924732 -14.586619679992705
v -6.545084971874736 5.877852522924732 -15.244717418524232
v -7.006292692220368 5.877852522924732 -15.954915028125264
v -7.390738003669029 5.877852522924732 -16.709431435166604
v -7.694208842938133 5.877852522924732 -17.5
v -7.913380320007296 5.877852522924732 -18.31795908799203
v -8.045851146309165 5.877852522924732 -19.154346968205708
v -8.090169943749475 5.877852522924732 -20.0
v -8.045851146309165 5.877852522924732 -20.845653031794292
v -7.913380320007296 5.877852522924732 -21.682040912007967
v -7.694208842938133 5.877852522924732 -22.500000000000004
v -7.39073800366903 5.877852522924732 -23.290568564833393
v -7.006292692220367 5.877852522924732 -24.045084971874736
v -6.545084971874738 5.877852522924732 -24.755282581475768
v -6.012167930930164 5.877852522924732 -25.413380320007295
v -5.413380320007298 5.877852522924732 -26.01216793093016
v -4.755282581475769 5.877852522924732 -26.545084971874736
v -4.045084971874741 5.877852522924732 -27.006292692220367
v -3.2905685648333955 5.877852522924732 -27.39073800366903
v -2.5000000000000013 5.877852522924732 -27.69420884293813
v -1.6820409120079738 5.877852522924732 -27.913380320007295
v -0.8456530317942973 5.877852522924732 -28.045851146309165
v -1.4861401089256374e-15 5.877852522924732 -28.090169943749473
v 0.8456530317942943 5.877852522924732 -28.045851146309165
v 1.682040912007971 5.877852522924732 -27.913380320007295
v 2.4999999999999987 5.877852522924732 -27.694208842938135
v 3.290568564833393 5.877852522924732 -27.39073800366903
v 4.045084971874738 5.877852522924732 -27.006292692220367
v 4.755282581475766 5.877852522924732 -26.545084971874736
v 5.413380320007298 5.877852522924732 -26.01216793093016
v 6.012167930930159 5.877852522924732 -25.4133803200073
v 6.545084971874736 5.877852522924732 -24.755282581475768
v 7.006292692220366 5.877852522924732 -24.04508497187474
v 7.390738003669029 5.877852522924732 -23.290568564833396
v 7.694208842938133 5.877852522924732 -22.5
v 7.913380320007295 5.877852522924732 -21.682040912007974
v 8.045851146309165 5.877852522924732 -20.8456530317943
v 8.38670567945424 5.446390350150272 -20.0
v 8.340762428226693 5.446390350150272 -19.123350543448545
v 8.203436038418745 5.446390350150272 -18.256305841793765
v 7.976231086694527 5.446390350150272 -17.40836541822775
v 7.661636878050823 5.446390350150272 -16.588819485474033
v 7.263100172470604 5.446390350150272 -15.806647160272881
v 6.784987421499371 5.446390350150272 -15.070418086299274
v 6.232536928488292 5.446390350150272 -14.388198543353504
v 5.6118014566464955 5.446390350150272 -13.76746307151171
v 4.929581913700727 5.446390350150272 -13.21501257850063
v 4.193352839727121 5.446390350150272 -12.736899827529399
v 3.411180514525967 5.446390350150272 -12.338363121949177
v 2.591634581772251 5.446390350150272 -12.023768913305473
v 1.7436941582062353 5.446390350150272 -11.796563961581255
v 0.8766494565514531 5.446390350150272 -11.659237571773307
v 5.135376132867281e-16 5.446390350150272 -11.61329432054576
v -0.8766494565514521 5.446390350150272 -11.659237571773307
v -1.7436941582062342 5.446390350150272 -11.796563961581255
v -2.5916345817722495 5.446390350150272 -12.02376891330547
v -3.411180514525964 5.446390350150272 -12.338363121949175
v -4.193352839727118 5.446390350150272 -12.736899827529395
v -4.929581913700726 5.446390350150272 -13.21501257850063
v -5.611801456646493 5.446390350150272 -13.767463071511706
v -6.232536928488293 5.446390350150272 -14.388198543353507
v -6.78498742149937 5.446390350150272 -15.070418086299272
v -7.263100172470604 5.446390350150272 -15.806647160272881
v -7.661636878050824 5.446390350150272 -16.588819485474037
v -7.976231086694527 5.446390350150272 -17.40836541822775
v -8.203436038418745 5.446390350150272 -18.256305841793765
v -8.340762428226693 5.446390350150272 -19.123350543448545
v -8.38670567945424 5.446390350150272 -20.0
v -8.340762428226693 5.446390350150272 -20.876649456551455
v -8.203436038418745 5.446390350150272 -21.743694158206235
v -7.976231086694527 5.446390350150272 -22.591634581772254
v -7.661636878050825 5.446390350150272 -23.411180514525963
v -7.263100172470602 5.446390350150272 -24.19335283972712
v -6.7849874214993715 5.446390350150272 -24.929581913700726
v -6.232536928488292 5.446390350150272 -25.611801456646496
v -5.611801456646497 5.446390350150272 -26.23253692848829
v -4.929581913700728 5.446390350150272 -26.78498742149937
v -4.193352839727123 5.446390350150272 -27.2631001724706
v -3.4111805145259644 5.446390350150272 -27.661636878050825
v -2.5916345817722517 5.446390350150272 -27.976231086694526
v -1.74369415820624 5.446390350150272 -28.203436038418744
v -0.8766494565514596 5.446390350150272 -28.340762428226693
v -1.5406128398601843e-15 5.446390350150272 -28.386705679454238
v 0.8766494565514567 5.446390350150272 -28.340762428226693
v 1.7436941582062369 5.446390350150272 -28.203436038418744
v 2.5916345817722486 5.446390350150272 -27.97623108669453
v 3.4111805145259617 5.446390350150272 -27.661636878050825
v 4.193352839727121 5.446390350150272 -27.2631001724706
v 4.9295819137007255 5.446390350150272 -26.784987421499373
v 5.611801456646497 5.446390350150272 -26.23253692848829
v 6.232536928488288 5.446390350150272 -25.6118014566465
v 6.78498742149937 5.446390350150272 -24.92958191370073
v 7.2631001724706 5.446390350150272 -24.193352839727122
v 7.661636878050824 5.446390350150272 -23.411180514525967
v 7.976231086694527 5.446390350150272 -22.59163458177225
v 8.203436038418745 5.446390350150272 -21.74369415820624
v 8.340762428226693 5.446390350150272 -20.876649456551462
v 8.660254037844386 5.000000000000001 -20.0
v 8.61281226008774 5.000000000000001 -19.094756953916637
v 8.471006708862738 5.000000000000001 -18.199431940080448
v 8.236391035463319 5.000000000000001 -17.323834326701828
v 7.911535738303731 5.000000000000001 -16.47755734446353
v 7.5 5.000000000000001 -15.669872981077809
v 7.006292692220367 5.000000000000001 -14.90963039544873
v 6.435822975543765 5.000000000000001 -14.205158964435435
v 5.7948410355645645 5.000000000000001 -13.564177024456235
v 5.090369604551271 5.000000000000001 -12.993707307779633
v 4.330127018922194 5.000000000000001 -12.5
v 3.5224426555364707 5.000000000000001 -12.08846426169627
v 2.6761656732981742 5.000000000000001 -11.763608964536681
v 1.8005680599195528 5.000000000000001 -11.528993291137262
v 0.9052430460833644 5.000000000000001 -11.38718773991226
v 5.302876193624534e-16 5.000000000000001 -11.339745962155614
v -0.9052430460833633 5.000000000000001 -11.387187739912259
v -1.800568059919552 5.000000000000001 -11.528993291137262
v -2.6761656732981733 5.000000000000001 -11.763608964536681
v -3.522442655536468 5.000000000000001 -12.088464261696267
v -4.330127018922191 5.000000000000001 -12.5
v -5.09036960455127 5.000000000000001 -12.993707307779633
v -5.794841035564561 5.000000000000001 -13.564177024456233
v -6.435822975543766 5.000000000000001 -14.205158964435437
v -7.0062926922203665 5.000000000000001 -14.909630395448728
v -7.5 5.000000000000001 -15.669872981077809
v -7.911535738303733 5.000000000000001 -16.47755734446353
v -8.236391035463319 5.000000000000001 -17.323834326701824
v -8.471006708862738 5.000000000000001 -18.199431940080448
v -8.61281226008774 5.000000000000001 -19.094756953916633
v -8.660254037844386 5.000000000000001 -20.0
v -8.61281226008774 5.000000000000001 -20.905243046083363
v -8.471006708862738 5.000000000000001 -21.800568059919552
v -8.236391035463319 5.000000000000001 -22.676165673298176
v -7.9115357383037335 5.000000000000001 -23.522442655536466
v -7.499999999999999 5.000000000000001 -24.330127018922195
v -7.006292692220368 5.000000000000001 -25.09036960455127
v -6.435822975543765 5.000000000000001 -25.794841035564566
v -5.794841035564566 5.000000000000001 -26.435822975543765
v -5.090369604551272 5.000000000000001 -27.006292692220367
v -4.330127018922196 5.000000000000001 -27.499999999999996
v -3.5224426555364685 5.000000000000001 -27.911535738303733
v -2.6761656732981756 5.000000000000001 -28.23639103546332
v -1.8005680599195577 5.000000000000001 -28.47100670886274
v -0.9052430460833711 5.000000000000001 -28.61281226008774
v -1.59086285808736e-15 5.000000000000001 -28.660254037844386
v 0.905243046083368 5.000000000000001 -28.61281226008774
v 1.8005680599195546 5.000000000000001 -28.47100670886274
v 2.6761656732981725 5.000000000000001 -28.23639103546332
v 3.5224426555364654 5.000000000000001 -27.911535738303733
v 4.330127018922194 5.000000000000001 -27.5
v 5.090369604551269 5.000000000000001 -27.00629269222037
v 5.794841035564566 5.000000000000001 -26.435822975543765
v 6.4358229755437595 5.000000000000001 -25.79484103556457
v 7.0062926922203665 5.000000000000001 -25.090369604551274
v 7.4999999999999964 5.000000000000001 -24.330127018922198
v 7.911535738303733 5.000000000000001 -23.52244265553647
v 8.236391035463319 5.000000000000001 -22.676165673298176
v 8.471006708862738 5.000000000000001 -21.80056805991956
v 8.61281226008774 5.000000000000001 -20.90524304608337
v 8.910065241883679 4.539904997395468 -20.0
v 8.861254972213128 4.539904997395468 -19.068644572651365
v 8.715358938730196 4.539904997395468 -18.147493270263418
v 8.473975608908425 4.539904997395468 -17.246638419268418
v 8.139749629022056 4.539904997395468 -16.375949973929863
v 7.716342848848005 4.539904997395468 -15.54496737905816
v 7.208394201673423 4.539904997395468 -14.762795053857007
v 6.621468879171843 4.539904997395468 -14.038002642001388
v 5.961997357998613 4.539904997395468 -13.378531120828157
v 5.2372049461429935 4.539904997395468 -12.791605798326577
v 4.45503262094184 4.539904997395468 -12.283657151151996
v 3.6240500260701367 4.539904997395468 -11.860250370977944
v 2.7533615807315837 4.539904997395468 -11.526024391091575
v 1.8525067297365825 4.539904997395468 -11.284641061269804
v 0.931355427348634 4.539904997395468 -11.138745027786872
v 5.455841439333467e-16 4.539904997395468 -11.089934758116321
v -0.9313554273486329 4.539904997395468 -11.13874502778687
v -1.8525067297365816 4.539904997395468 -11.284641061269804
v -2.7533615807315828 4.539904997395468 -11.526024391091573
v -3.6240500260701336 4.539904997395468 -11.860250370977942
v -4.455032620941838 4.539904997395468 -12.283657151151996
v -5.237204946142993 4.539904997395468 -12.791605798326577
v -5.96199735799861 4.539904997395468 -13.378531120828155
v -6.621468879171844 4.539904997395468 -14.03800264200139
v -7.208394201673422 4.539904997395468 -14.762795053857005
v -7.716342848848005 4.539904997395468 -15.54496737905816
v -8.139749629022058 4.539904997395468 -16.375949973929867
v -8.473975608908425 4.539904997395468 -17.246638419268415
v -8.715358938730196 4.539904997395468 -18.147493270263418
v -8.861254972213128 4.539904997395468 -19.068644572651365
v -8.910065241883679 4.539904997395468 -20.0
v -8.861254972213128 4.539904997395468 -20.931355427348635
v -8.715358938730196 4.539904997395468 -21.852506729736582
v -8.473975608908425 4.539904997395468 -22.753361580731585
v -8.139749629022058 4.539904997395468 -23.624050026070133
v -7.716342848848004 4.539904997395468 -24.45503262094184
v -7.208394201673424 4.539904997395468 -25.23720494614299
v -6.621468879171843 4.539904997395468 -25.961997357998612
v -5.961997357998615 4.539904997395468 -26.621468879171843
v -5.237204946142994 4.539904997395468 -27.20839420167342
v -4.455032620941843 4.539904997395468 -27.716342848848
v -3.6240500260701345 4.539904997395468 -28.139749629022056
v -2.7533615807315845 4.539904997395468 -28.473975608908425
v -1.8525067297365876 4.539904997395468 -28.715358938730198
v -0.9313554273486409 4.539904997395468 -28.86125497221313
v -1.6367524318000401e-15 4.539904997395468 -28.91006524188368
v 0.9313554273486376 4.539904997395468 -28.86125497221313
v 1.8525067297365843 4.539904997395468 -28.715358938730198
v 2.7533615807315814 4.539904997395468 -28.473975608908425
v 3.6240500260701314 4.539904997395468 -28.139749629022056
v 4.45503262094184 4.539904997395468 -27.716342848848004
v 5.237204946142992 4.539904997395468 -27.208394201673425
v 5.961997357998615 4.539904997395468 -26.621468879171843
v 6.621468879171838 4.539904997395468 -25.96199735799862
v 7.208394201673422 4.539904997395468 -25.237204946142995
v 7.716342848848003 4.539904997395468 -24.455032620941843
v 8.139749629022058 4.539904997395468 -23.624050026070137
v 8.473975608908425 4.539904997395468 -22.753361580731585
v 8.715358938730196 4.539904997395468 -21.85250672973659
v 8.861254972213128 4.539904997395468 -20.93135542734864
v 9.135454576426008 4.067366430758003 -20.0
v 9.085409600397961 4.067366430758003 -19.045084971874736
v 8.935822975543765 4.067366430758003 -18.10063219262643
v 8.688333604228337 4.067366430758003 -17.17698928454398
v 8.34565303179429 4.067366430758003 -16.28427587261303
v 7.911535738303733 4.067366430758003 -15.432272711786997
v 7.3907380036690284 4.067366430758003 -14.630314526989011
v 6.788965796854769 4.067366430758003 -13.887187739912259
v 6.1128122600877415 4.067366430758003 -13.211034203145232
v 5.36968547301099 4.067366430758003 -12.609261996330972
v 4.567727288213005 4.067366430758003 -12.088464261696268
v 3.7157241273869723 4.067366430758003 -11.65434696820571
v 2.823010715456024 4.067366430758003 -11.311666395771663
v 1.8993678073735678 4.067366430758003 -11.064177024456235
v 0.9549150281252627 4.067366430758003 -10.914590399602039
v 5.593852602888076e-16 4.067366430758003 -10.864545423573992
v -0.9549150281252615 4.067366430758003 -10.914590399602039
v -1.899367807373567 4.067366430758003 -11.064177024456235
v -2.823010715456023 4.067366430758003 -11.311666395771661
v -3.7157241273869697 4.067366430758003 -11.654346968205708
v -4.5677272882130024 4.067366430758003 -12.088464261696267
v -5.369685473010989 4.067366430758003 -12.609261996330972
v -6.112812260087739 4.067366430758003 -13.211034203145228
v -6.78896579685477 4.067366430758003 -13.88718773991226
v -7.390738003669027 4.067366430758003 -14.63031452698901
v -7.911535738303733 4.067366430758003 -15.432272711786997
v -8.345653031794292 4.067366430758003 -16.28427587261303
v -8.688333604228337 4.067366430758003 -17.176989284543975
v -8.935822975543765 4.067366430758003 -18.10063219262643
v -9.085409600397961 4.067366430758003 -19.045084971874736
v -9.135454576426008 4.067366430758003 -20.0
v -9.085409600397961 4.067366430758003 -20.954915028125264
v -8.935822975543765 4.067366430758003 -21.899367807373565
v -8.688333604228337 4.067366430758003 -22.823010715456025
v -8.345653031794292 4.067366430758003 -23.715724127386967
v -7.911535738303732 4.067366430758003 -24.567727288213007
v -7.390738003669029 4.067366430758003 -25.36968547301099
v -6.788965796854769 4.067366430758003 -26.112812260087743
v -6.112812260087743 4.067366430758003 -26.788965796854768
v -5.369685473010991 4.067366430758003 -27.39073800366903
v -4.567727288213009 4.067366430758003 -27.91153573830373
v -3.71572412738697 4.067366430758003 -28.345653031794292
v -2.8230107154560247 4.067366430758003 -28.688333604228337
v -1.899367807373573 4.067366430758003 -28.935822975543765
v -0.9549150281252698 4.067366430758003 -29.08540960039796
v -1.6781557808664225e-15 4.067366430758003 -29.135454576426007
v 0.9549150281252665 4.067366430758003 -29.08540960039796
v 1.8993678073735696 4.067366430758003 -28.935822975543765
v 2.8230107154560216 4.067366430758003 -28.68833360422834
v 3.715724127386967 4.067366430758003 -28.345653031794292
v 4.567727288213005 4.067366430758003 -27.911535738303733
v 5.369685473010987 4.067366430758003 -27.39073800366903
v 6.112812260087743 4.067366430758003 -26.788965796854768
v 6.788965796854764 4.067366430758003 -26.112812260087747
v 7.390738003669027 4.067366430758003 -25.369685473010993
v 7.911535738303729 4.067366430758003 -24.567727288213007
v 8.345653031794292 4.067366430758003 -23.71572412738697
v 8.688333604228337 4.067366430758003 -22.823010715456025
v 8.935822975543765 4.067366430758003 -21.899367807373572
v 9.085409600397961 4.067366430758003 -20.95491502812527
v 9.335804264972017 3.5836794954530014 -20.0
v 9.28466175238718 3.5836794954530014 -19.02414272681487
v 9.131794542702808 3.5836794954530014 -18.05897715012602
v 8.878877481057723 3.5836794954530014 -17.115077825965532
v 8.528681579705607 3.5836794954530014 -16.202786312852545
v 8.085043658224876 3.5836794954530014 -15.332097867513992
v 7.552824306520477 3.5836794954530014 -14.512551934760276
v 6.937854631183742 3.5836794954530014 -13.753127631331658
v 6.246872368668341 3.5836794954530014 -13.062145368816259
v 5.4874480652397235 3.5836794954530014 -12.447175693479522
v 4.6679021324860095 3.5836794954530014 -11.914956341775126
v 3.797213687147458 3.5836794954530014 -11.471318420294393
v 2.884922174034468 3.5836794954530014 -11.121122518942277
v 1.94102284987398 3.5836794954530014 -10.868205457297192
v 0.9758572731851299 3.5836794954530014 -10.71533824761282
v 5.716531405282095e-16 3.5836794954530014 -10.664195735027983
v -0.9758572731851288 3.5836794954530014 -10.715338247612818
v -1.941022849873979 3.5836794954530014 -10.868205457297192
v -2.8849221740344673 3.5836794954530014 -11.121122518942276
v -3.797213687147455 3.5836794954530014 -11.471318420294393
v -4.667902132486007 3.5836794954530014 -11.914956341775124
v -5.487448065239723 3.5836794954530014 -12.447175693479522
v -6.246872368668337 3.5836794954530014 -13.062145368816255
v -6.937854631183743 3.5836794954530014 -13.753127631331662
v -7.552824306520476 3.5836794954530014 -14.512551934760275
v -8.085043658224876 3.5836794954530014 -15.332097867513992
v -8.528681579705607 3.5836794954530014 -16.202786312852545
v -8.878877481057723 3.5836794954530014 -17.115077825965532
v -9.131794542702808 3.5836794954530014 -18.05897715012602
v -9.28466175238718 3.5836794954530014 -19.02414272681487
v -9.335804264972017 3.5836794954530014 -20.0
v -9.28466175238718 3.5836794954530014 -20.97585727318513
v -9.131794542702808 3.5836794954530014 -21.941022849873978
v -8.878877481057723 3.5836794954530014 -22.88492217403447
v -8.528681579705609 3.5836794954530014 -23.797213687147455
v -8.085043658224874 3.5836794954530014 -24.66790213248601
v -7.552824306520478 3.5836794954530014 -25.48744806523972
v -6.937854631183742 3.5836794954530014 -26.246872368668342
v -6.246872368668343 3.5836794954530014 -26.93785463118374
v -5.487448065239725 3.5836794954530014 -27.552824306520478
v -4.667902132486013 3.5836794954530014 -28.085043658224873
v -3.7972136871474556 3.5836794954530014 -28.528681579705605
v -2.8849221740344695 3.5836794954530014 -28.87887748105772
v -1.9410228498739852 3.5836794954530014 -29.131794542702806
v -0.9758572731851373 3.5836794954530014 -29.28466175238718
v -1.7149594215846284e-15 3.5836794954530014 -29.33580426497202
v 0.9758572731851338 3.5836794954530014 -29.28466175238718
v 1.9410228498739819 3.5836794954530014 -29.131794542702806
v 2.8849221740344664 3.5836794954530014 -28.878877481057724
v 3.7972136871474524 3.5836794954530014 -28.52868157970561
v 4.6679021324860095 3.5836794954530014 -28.085043658224876
v 5.487448065239722 3.5836794954530014 -27.552824306520478
v 6.246872368668343 3.5836794954530014 -26.93785463118374
v 6.937854631183737 3.5836794954530014 -26.246872368668345
v 7.552824306520476 3.5836794954530014 -25.487448065239725
v 8.085043658224873 3.5836794954530014 -24.667902132486013
v 8.528681579705607 3.5836794954530014 -23.797213687147455
v 8.878877481057723 3.5836794954530014 -22.88492217403447
v 9.131794542702808 3.5836794954530014 -21.941022849873985
v 9.28466175238718 3.5836794954530014 -20.975857273185138
v 9.510565162951535 3.0901699437494745 -20.0
v 9.458465291882032 3.0901699437494745 -19.005875238709795
v 9.30273649576356 3.0901699437494745 -18.022642316338267
v 9.045084971874736 3.0901699437494745 -17.061073738537637
v 8.688333604228337 3.0901699437494745 -16.131704651867445
v 8.236391035463319 3.0901699437494745 -15.244717418524234
v 7.694208842938133 3.0901699437494745 -14.409830056250527
v 7.067727288213003 3.0901699437494745 -13.636189765698806
v 6.3638102343011935 3.0901699437494745 -12.932272711786997
v 5.590169943749474 3.0901699437494745 -12.305791157061867
v 4.755282581475768 3.0901699437494745 -11.763608964536683
v 3.8682953481325595 3.0901699437494745 -11.311666395771663
v 2.9389262614623655 3.0901699437494745 -10.954915028125264
v 1.9773576836617315 3.0901699437494745 -10.69726350423644
v 0.9941247612902041 3.0901699437494745 -10.541534708117968
v 5.823541592445461e-16 3.0901699437494745 -10.489434837048465
v -0.9941247612902029 3.0901699437494745 -10.541534708117968
v -1.9773576836617304 3.0901699437494745 -10.69726350423644
v -2.9389262614623646 3.0901699437494745 -10.954915028125264
v -3.8682953481325564 3.0901699437494745 -11.311666395771663
v -4.7552825814757655 3.0901699437494745 -11.763608964536681
v -5.590169943749473 3.0901699437494745 -12.305791157061867
v -6.363810234301191 3.0901699437494745 -12.932272711786993
v -7.067727288213005 3.0901699437494745 -13.63618976569881
v -7.6942088429381315 3.0901699437494745 -14.409830056250525
v -8.236391035463319 3.0901699437494745 -15.244717418524234
v -8.688333604228337 3.0901699437494745 -16.131704651867445
v -9.045084971874736 3.0901699437494745 -17.061073738537633
v -9.30273649576356 3.0901699437494745 -18.022642316338267
v -9.458465291882032 3.0901699437494745 -19.005875238709795
v -9.510565162951535 3.0901699437494745 -20.0
v -9.458465291882032 3.0901699437494745 -20.994124761290205
v -9.30273649576356 3.0901699437494745 -21.97735768366173
v -9.045084971874736 3.0901699437494745 -22.938926261462367
v -8.688333604228339 3.0901699437494745 -23.868295348132555
v -8.236391035463317 3.0901699437494745 -24.755282581475768
v -7.694208842938134 3.0901699437494745 -25.590169943749473
v -7.067727288213003 3.0901699437494745 -26.363810234301194
v -6.363810234301196 3.0901699437494745 -27.067727288213
v -5.5901699437494745 3.0901699437494745 -27.69420884293813
v -4.755282581475772 3.0901699437494745 -28.236391035463313
v -3.868295348132557 3.0901699437494745 -28.688333604228337
v -2.938926261462367 3.0901699437494745 -29.045084971874736
v -1.9773576836617366 3.0901699437494745 -29.302736495763558
v -0.9941247612902115 3.0901699437494745 -29.458465291882032
v -1.7470624777336383e-15 3.0901699437494745 -29.510565162951536
v 0.9941247612902081 3.0901699437494745 -29.458465291882032
v 1.9773576836617333 3.0901699437494745 -29.302736495763558
v 2.9389262614623632 3.0901699437494745 -29.045084971874736
v 3.8682953481325537 3.0901699437494745 -28.68833360422834
v 4.755282581475768 3.0901699437494745 -28.236391035463317
v 5.590169943749472 3.0901699437494745 -27.694208842938135
v 6.363810234301196 3.0901699437494745 -27.067727288213
v 7.067727288212999 3.0901699437494745 -26.363810234301198
v 7.6942088429381315 3.0901699437494745 -25.590169943749476
v 8.236391035463315 3.0901699437494745 -24.75528258147577
v 8.688333604228337 3.0901699437494745 -23.868295348132555
v 9.045084971874736 3.0901699437494745 -22.938926261462367
v 9.302736495763558 3.0901699437494745 -21.977357683661737
v 9.458465291882032 3.0901699437494745 -20.994124761290212
v 9.659258262890683 2.5881904510252074 -20.0
v 9.606343835461697 2.5881904510252074 -18.990332577474653
v 9.448180294714708 2.5881904510252074 -17.991727282516987
v 9.18650051349999 2.5881904510252074 -17.015125043710146
v 8.824171510260543 2.5881904510252074 -16.07122571954966
v 8.36516303737808 2.5881904510252074 -15.17037086855466
v 7.814504087735196 2.5881904510252074 -14.322430444988644
v 7.178227796016975 2.5881904510252074 -13.536694661575146
v 6.463305338424854 2.5881904510252074 -12.821772203983027
v 5.677569555011356 2.5881904510252074 -12.185495912264804
v 4.829629131445342 2.5881904510252074 -11.634836962621922
v 3.928774280450343 2.5881904510252074 -11.175828489739457
v 2.984874956289855 2.5881904510252074 -10.81349948650001
v 2.0082727174830137 2.5881904510252074 -10.551819705285292
v 1.0096674225253468 2.5881904510252074 -10.393656164538303
v 5.914589856893349e-16 2.5881904510252074 -10.340741737109317
v -1.0096674225253457 2.5881904510252074 -10.393656164538301
v -2.008272717483013 2.5881904510252074 -10.551819705285292
v -2.9848749562898536 2.5881904510252074 -10.81349948650001
v -3.92877428045034 2.5881904510252074 -11.175828489739455
v -4.82962913144534 2.5881904510252074 -11.63483696262192
v -5.677569555011355 2.5881904510252074 -12.185495912264804
v -6.463305338424851 2.5881904510252074 -12.821772203983024
v -7.178227796016976 2.5881904510252074 -13.536694661575147
v -7.8145040877351954 2.5881904510252074 -14.322430444988644
v -8.36516303737808 2.5881904510252074 -15.17037086855466
v -8.824171510260545 2.5881904510252074 -16.07122571954966
v -9.18650051349999 2.5881904510252074 -17.015125043710146
v -9.448180294714708 2.5881904510252074 -17.991727282516987
v -9.606343835461697 2.5881904510252074 -18.99033257747465
v -9.659258262890683 2.5881904510252074 -20.0
v -9.606343835461697 2.5881904510252074 -21.009667422525347
v -9.448180294714708 2.5881904510252074 -22.008272717483013
v -9.18650051349999 2.5881904510252074 -22.984874956289858
v -8.824171510260545 2.5881904510252074 -23.928774280450337
v -8.365163037378078 2.5881904510252074 -24.829629131445344
v -7.814504087735197 2.5881904510252074 -25.677569555011356
v -7.178227796016975 2.5881904510252074 -26.463305338424853
v -6.463305338424856 2.5881904510252074 -27.178227796016973
v -5.677569555011357 2.5881904510252074 -27.814504087735195
v -4.829629131445346 2.5881904510252074 -28.365163037378075
v -3.9287742804503405 2.5881904510252074 -28.824171510260545
v -2.9848749562898558 2.5881904510252074 -29.18650051349999
v -2.008272717483019 2.5881904510252074 -29.44818029471471
v -1.0096674225253544 2.5881904510252074 -29.606343835461697
v -1.7743769570680046e-15 2.5881904510252074 -29.65925826289068
v 1.0096674225253508 2.5881904510252074 -29.606343835461697
v 2.0082727174830155 2.5881904510252074 -29.44818029471471
v 2.9848749562898527 2.5881904510252074 -29.18650051349999
v 3.9287742804503374 2.5881904510252074 -28.824171510260545
v 4.829629131445342 2.5881904510252074 -28.36516303737808
v 5.677569555011353 2.5881904510252074 -27.814504087735198
v 6.463305338424856 2.5881904510252074 -27.178227796016973
v 7.178227796016969 2.5881904510252074 -26.46330533842486
v 7.8145040877351954 2.5881904510252074 -25.67756955501136
v 8.365163037378077 2.5881904510252074 -24.829629131445344
v 8.824171510260545 2.5881904510252074 -23.92877428045034
v 9.18650051349999 2.5881904510252074 -22.984874956289858
v 9.448180294714708 2.5881904510252074 -22.00827271748302
v 9.606343835461697 2.5881904510252074 -21.009667422525354
v 9.781476007338057 2.079116908177592 -20.0
v 9.727892058317135 2.079116908177592 -18.97755734446353
v 9.567727288213005 2.079116908177592 -17.966316784621
v 9.30273649576356 2.079116908177592 -16.977357683661733
v 8.935822975543765 2.079116908177592 -16.02151528444884
v 8.47100670886274 2.079116908177592 -15.109261996330972
v 7.913380320007296 2.079116908177592 -14.250592657234026
v 7.26905328038456 2.079116908177592 -13.454915028125264
v 6.545084971874737 2.079116908177592 -12.730946719615442
v 5.749407342765973 2.079116908177592 -12.086619679992705
v 4.890738003669029 2.079116908177592 -11.528993291137262
v 3.978484715551164 2.079116908177592 -11.064177024456235
v 3.022642316338268 2.079116908177592 -10.69726350423644
v 2.0336832153790003 2.079116908177592 -10.432272711786995
v 1.0224426555364696 2.079116908177592 -10.272107941682865
v 5.989426641661592e-16 2.079116908177592 -10.218523992661943
v -1.0224426555364685 2.079116908177592 -10.272107941682865
v -2.033683215378999 2.079116908177592 -10.432272711786995
v -3.0226423163382665 2.079116908177592 -10.697263504236439
v -3.978484715551161 2.079116908177592 -11.064177024456233
v -4.890738003669027 2.079116908177592 -11.52899329113726
v -5.749407342765972 2.079116908177592 -12.086619679992705
v -6.545084971874735 2.079116908177592 -12.730946719615439
v -7.2690532803845604 2.079116908177592 -13.454915028125264
v -7.913380320007295 2.079116908177592 -14.250592657234026
v -8.47100670886274 2.079116908177592 -15.109261996330972
v -8.935822975543767 2.079116908177592 -16.02151528444884
v -9.30273649576356 2.079116908177592 -16.977357683661733
v -9.567727288213005 2.079116908177592 -17.966316784621
v -9.727892058317135 2.079116908177592 -18.977557344463527
v -9.781476007338057 2.079116908177592 -20.0
v -9.727892058317135 2.079116908177592 -21.02244265553647
v -9.567727288213005 2.079116908177592 -22.033683215379
v -9.30273649576356 2.079116908177592 -23.02264231633827
v -8.935822975543768 2.079116908177592 -23.978484715551158
v -8.471006708862738 2.079116908177592 -24.89073800366903
v -7.913380320007297 2.079116908177592 -25.74940734276597
v -7.26905328038456 2.079116908177592 -26.545084971874736
v -6.54508497187474 2.079116908177592 -27.269053280384558
v -5.7494073427659735 2.079116908177592 -27.913380320007295
v -4.890738003669033 2.079116908177592 -28.47100670886274
v -3.9784847155511613 2.079116908177592 -28.935822975543765
v -3.0226423163382687 2.079116908177592 -29.30273649576356
v -2.0336832153790056 2.079116908177592 -29.567727288213007
v -1.0224426555364772 2.079116908177592 -29.727892058317135
v -1.7968279924984775e-15 2.079116908177592 -29.781476007338057
v 1.0224426555364738 2.079116908177592 -29.727892058317135
v 2.033683215379002 2.079116908177592 -29.567727288213007
v 3.0226423163382656 2.079116908177592 -29.30273649576356
v 3.9784847155511582 2.079116908177592 -28.93582297554377
v 4.890738003669029 2.079116908177592 -28.47100670886274
v 5.74940734276597 2.079116908177592 -27.9133803200073
v 6.54508497187474 2.079116908177592 -27.269053280384558
v 7.269053280384554 2.079116908177592 -26.545084971874743
v 7.913380320007295 2.079116908177592 -25.749407342765974
v 8.471006708862737 2.079116908177592 -24.890738003669032
v 8.935822975543767 2.079116908177592 -23.97848471555116
v 9.30273649576356 2.079116908177592 -23.02264231633827
v 9.567727288213005 2.079116908177592 -22.033683215379007
v 9.727892058317135 2.079116908177592 -21.022442655536477
v 9.876883405951379 1.5643446504023093 -20.0
v 9.822776805218211 1.5643446504023093 -18.967584555702114
v 9.66104980625888 1.5643446504023093 -17.94648047105878
v 9.393474323917529 1.5643446504023093 -16.94787517610111
v 9.022981971172463 1.5643446504023093 -15.98270959941226
v 8.553631939770865 1.5643446504023093 -15.061558297024312
v 7.990566526874578 1.5643446504023093 -14.194513595369529
v 7.339954794976308 1.5643446504023093 -13.39107501764001
v 6.608924982359991 1.5643446504023093 -12.660045205023692
v 5.805486404630472 1.5643446504023093 -12.009433473125423
v 4.93844170297569 1.5643446504023093 -11.446368060229137
v 4.017290400587742 1.5643446504023093 -10.977018028827537
v 3.052124823898889 1.5643446504023093 -10.606525676082471
v 2.05351952894122 1.5643446504023093 -10.33895019374112
v 1.0324154442978846 1.5643446504023093 -10.177223194781789
v 6.047846824324981e-16 1.5643446504023093 -10.123116594048621
v -1.0324154442978835 1.5643446504023093 -10.177223194781787
v -2.0535195289412185 1.5643446504023093 -10.33895019374112
v -3.052124823898888 1.5643446504023093 -10.60652567608247
v -4.017290400587738 1.5643446504023093 -10.977018028827537
v -4.9384417029756875 1.5643446504023093 -11.446368060229135
v -5.8054864046304715 1.5643446504023093 -12.009433473125423
v -6.608924982359988 1.5643446504023093 -12.660045205023689
v -7.339954794976309 1.5643446504023093 -13.391075017640011
v -7.990566526874577 1.5643446504023093 -14.194513595369527
v -8.553631939770865 1.5643446504023093 -15.061558297024312
v -9.022981971172463 1.5643446504023093 -15.982709599412262
v -9.393474323917529 1.5643446504023093 -16.94787517610111
v -9.66104980625888 1.5643446504023093 -17.94648047105878
v -9.822776805218211 1.5643446504023093 -18.967584555702114
v -9.876883405951379 1.5643446504023093 -20.0
v -9.822776805218211 1.5643446504023093 -21.032415444297886
v -9.66104980625888 1.5643446504023093 -22.05351952894122
v -9.393474323917529 1.5643446504023093 -23.052124823898893
v -9.022981971172465 1.5643446504023093 -24.017290400587736
v -8.553631939770863 1.5643446504023093 -24.93844170297569
v -7.99056652687458 1.5643446504023093 -25.80548640463047
v -7.339954794976308 1.5643446504023093 -26.60892498235999
v -6.608924982359993 1.5643446504023093 -27.339954794976308
v -5.805486404630473 1.5643446504023093 -27.990566526874577
v -4.938441702975694 1.5643446504023093 -28.55363193977086
v -4.017290400587739 1.5643446504023093 -29.022981971172463
v -3.05212482389889 1.5643446504023093 -29.39347432391753
v -2.053519528941225 1.5643446504023093 -29.66104980625888
v -1.0324154442978923 1.5643446504023093 -29.82277680521821
v -1.8143540472974943e-15 1.5643446504023093 -29.87688340595138
v 1.0324154442978888 1.5643446504023093 -29.82277680521821
v 2.0535195289412216 1.5643446504023093 -29.66104980625888
v 3.052124823898887 1.5643446504023093 -29.39347432391753
v 4.0172904005877355 1.5643446504023093 -29.022981971172463
v 4.93844170297569 1.5643446504023093 -28.553631939770863
v 5.805486404630471 1.5643446504023093 -27.99056652687458
v 6.608924982359993 1.5643446504023093 -27.339954794976308
v 7.339954794976303 1.5643446504023093 -26.608924982359994
v 7.990566526874577 1.5643446504023093 -25.805486404630475
v 8.553631939770861 1.5643446504023093 -24.938441702975695
v 9.022981971172463 1.5643446504023093 -24.01729040058774
v 9.393474323917529 1.5643446504023093 -23.05212482389889
v 9.661049806258879 1.5643446504023093 -22.053519528941226
v 9.822776805218211 1.5643446504023093 -21.032415444297893
v 9.945218953682733 1.0452846326765346 -20.0
v 9.890738003669028 1.0452846326765346 -18.960441545911202
v 9.727892058317135 1.0452846326765346 -17.932272711786997
v 9.458465291882032 1.0452846326765346 -16.926758330532202
v 9.085409600397961 1.0452846326765346 -15.954915028125264
v 8.612812260087741 1.0452846326765346 -15.027390523158633
v 8.045851146309165 1.0452846326765346 -14.154346968205708
v 7.3907380036690284 1.0452846326765346 -13.345349611150663
v 6.654650388849337 1.0452846326765346 -12.609261996330972
v 5.845653031794291 1.0452846326765346 -11.954148853690835
v 4.972609476841368 1.0452846326765346 -11.387187739912259
v 4.045084971874739 1.0452846326765346 -10.914590399602039
v 3.073241669467798 1.0452846326765346 -10.541534708117968
v 2.0677272882130033 1.0452846326765346 -10.272107941682865
v 1.0395584540887965 1.0452846326765346 -10.109261996330972
v 6.089690279223574e-16 1.0452846326765346 -10.054781046317267
v -1.0395584540887952 1.0452846326765346 -10.109261996330972
v -2.0677272882130024 1.0452846326765346 -10.272107941682865
v -3.073241669467797 1.0452846326765346 -10.541534708117966
v -4.0450849718747355 1.0452846326765346 -10.914590399602037
v -4.972609476841365 1.0452846326765346 -11.387187739912259
v -5.84565303179429 1.0452846326765346 -11.954148853690835
v -6.654650388849333 1.0452846326765346 -12.60926199633097
v -7.390738003669029 1.0452846326765346 -13.345349611150665
v -8.045851146309163 1.0452846326765346 -14.154346968205708
v -8.612812260087741 1.0452846326765346 -15.027390523158633
v -9.085409600397963 1.0452846326765346 -15.954915028125264
v -9.458465291882032 1.0452846326765346 -16.926758330532202
v -9.727892058317135 1.0452846326765346 -17.932272711786997
v -9.890738003669028 1.0452846326765346 -18.960441545911202
v -9.945218953682733 1.0452846326765346 -20.0
v -9.890738003669028 1.0452846326765346 -21.039558454088798
v -9.727892058317135 1.0452846326765346 -22.067727288213
v -9.458465291882032 1.0452846326765346 -23.0732416694678
v -9.085409600397963 1.0452846326765346 -24.045084971874733
v -8.612812260087741 1.0452846326765346 -24.972609476841367
v -8.045851146309166 1.0452846326765346 -25.845653031794292
v -7.3907380036690284 1.0452846326765346 -26.654650388849337
v -6.65465038884934 1.0452846326765346 -27.390738003669025
v -5.845653031794292 1.0452846326765346 -28.04585114630916
v -4.972609476841371 1.0452846326765346 -28.61281226008774
v -4.045084971874736 1.0452846326765346 -29.085409600397963
v -3.0732416694677993 1.0452846326765346 -29.458465291882032
v -2.067727288213009 1.0452846326765346 -29.72789205831713
v -1.0395584540888043 1.0452846326765346 -29.89073800366903
v -1.826907083767072e-15 1.0452846326765346 -29.945218953682733
v 1.0395584540888008 1.0452846326765346 -29.89073800366903
v 2.0677272882130056 1.0452846326765346 -29.72789205831713
v 3.0732416694677958 1.0452846326765346 -29.458465291882035
v 4.045084971874733 1.0452846326765346 -29.085409600397963
v 4.972609476841368 1.0452846326765346 -28.612812260087743
v 5.8456530317942885 1.0452846326765346 -28.045851146309168
v 6.65465038884934 1.0452846326765346 -27.390738003669025
v 7.390738003669023 1.0452846326765346 -26.65465038884934
v 8.045851146309163 1.0452846326765346 -25.845653031794292
v 8.61281226008774 1.0452846326765346 -24.97260947684137
v 9.085409600397963 1.0452846326765346 -24.045084971874736
v 9.458465291882032 1.0452846326765346 -23.073241669467798
v 9.727892058317133 1.0452846326765346 -22.06772728821301
v 9.890738003669028 1.0452846326765346 -21.039558454088805
v 9.986295347545738 0.5233595624294397 -20.0
v 9.931589376748557 0.5233595624294397 -18.956147893584127
v 9.76807083442103 0.5233595624294397 -17.92373244928624
v 9.49753126393135 0.5233595624294397 -16.914065026760895
v 9.122934753427847 0.5233595624294397 -15.938207753575766
v 8.64838546066896 0.5233595624294397 -15.006852326227133
v 8.079082647011974 0.5233595624294397 -14.130202869675678
v 7.421263713217591 0.5233595624294397 -13.317864138818075
v 6.682135861181925 0.5233595624294397 -12.578736286782409
v 5.869797130324322 0.5233595624294397 -11.920917352988026
v 4.99314767377287 0.5233595624294397 -11.351614539331042
v 4.061792246424237 0.5233595624294397 -10.877065246572153
v 3.0859349732391053 0.5233595624294397 -10.50246873606865
v 2.076267550713757 0.5233595624294397 -10.23192916557897
v 1.0438521064158732 0.5233595624294397 -10.068410623251443
v 6.114842316355997e-16 0.5233595624294397 -10.013704652454262
v -1.0438521064158721 0.5233595624294397 -10.068410623251442
v -2.076267550713756 0.5233595624294397 -10.23192916557897
v -3.085934973239104 0.5233595624294397 -10.50246873606865
v -4.0617922464242335 0.5233595624294397 -10.877065246572151
v -4.993147673772867 0.5233595624294397 -11.35161453933104
v -5.869797130324321 0.5233595624294397 -11.920917352988026
v -6.682135861181921 0.5233595624294397 -12.578736286782405
v -7.421263713217593 0.5233595624294397 -13.317864138818077
v -8.079082647011973 0.5233595624294397 -14.130202869675676
v -8.64838546066896 0.5233595624294397 -15.006852326227133
v -9.122934753427849 0.5233595624294397 -15.938207753575767
v -9.49753126393135 0.5233595624294397 -16.914065026760895
v -9.76807083442103 0.5233595624294397 -17.92373244928624
v -9.931589376748557 0.5233595624294397 -18.956147893584124
v -9.986295347545738 0.5233595624294397 -20.0
v -9.931589376748557 0.5233595624294397 -21.043852106415873
v -9.76807083442103 0.5233595624294397 -22.076267550713755
v -9.49753126393135 0.5233595624294397 -23.08593497323911
v -9.122934753427849 0.5233595624294397 -24.061792246424233
v -8.648385460668958 0.5233595624294397 -24.99314767377287
v -8.079082647011976 0.5233595624294397 -25.869797130324322
v -7.421263713217591 0.5233595624294397 -26.682135861181926
v -6.682135861181927 0.5233595624294397 -27.42126371321759
v -5.869797130324324 0.5233595624294397 -28.079082647011973
v -4.9931476737728735 0.5233595624294397 -28.648385460668955
v -4.0617922464242335 0.5233595624294397 -29.12293475342785
v -3.085934973239106 0.5233595624294397 -29.49753126393135
v -2.0762675507137627 0.5233595624294397 -29.768070834421028
v -1.043852106415881 0.5233595624294397 -29.931589376748555
v -1.834452694906799e-15 0.5233595624294397 -29.986295347545738
v 1.0438521064158774 0.5233595624294397 -29.931589376748555
v 2.076267550713759 0.5233595624294397 -29.768070834421028
v 3.085934973239103 0.5233595624294397 -29.49753126393135
v 4.061792246424231 0.5233595624294397 -29.12293475342785
v 4.99314767377287 0.5233595624294397 -28.64838546066896
v 5.86979713032432 0.5233595624294397 -28.079082647011976
v 6.682135861181927 0.5233595624294397 -27.42126371321759
v 7.421263713217586 0.5233595624294397 -26.68213586118193
v 8.079082647011973 0.5233595624294397 -25.869797130324326
v 8.648385460668957 0.5233595624294397 -24.993147673772874
v 9.122934753427849 0.5233595624294397 -24.061792246424233
v 9.49753126393135 0.5233595624294397 -23.085934973239105
v 9.768070834421028 0.5233595624294397 -22.076267550713762
v 9.931589376748557 0.5233595624294397 -21.043852106415883
v 10.0 6.123233995736766e-16 -20.0
v 9.945218953682733 6.123233995736766e-16 -18.954715367323466
v 9.781476007338057 6.123233995736766e-16 -17.920883091822407
v 9.510565162951535 6.123233995736766e-16 -16.909830056250527
v 9.135454576426008 6.123233995736766e-16 -15.932633569241998
v 8.660254037844387 6.123233995736766e-16 -15.0
v 8.090169943749475 6.123233995736766e-16 -14.122147477075268
v 7.431448254773942 6.123233995736766e-16 -13.308693936411418
v 6.691306063588582 6.123233995736766e-16 -12.56855174522606
v 5.877852522924732 6.123233995736766e-16 -11.909830056250525
v 5.000000000000001 6.123233995736766e-16 -11.339745962155614
v 4.067366430758003 6.123233995736766e-16 -10.864545423573992
v 3.0901699437494745 6.123233995736766e-16 -10.489434837048465
v 2.079116908177592 6.123233995736766e-16 -10.218523992661943
v 1.0452846326765346 6.123233995736766e-16 -10.054781046317267
v 6.123233995736766e-16 6.123233995736766e-16 -10.0
v -1.0452846326765333 6.123233995736766e-16 -10.054781046317267
v -2.0791169081775913 6.123233995736766e-16 -10.218523992661943
v -3.0901699437494736 6.123233995736766e-16 -10.489434837048464
v -4.067366430758001 6.123233995736766e-16 -10.86454542357399
v -4.999999999999998 6.123233995736766e-16 -11.339745962155613
v -5.87785252292473 6.123233995736766e-16 -11.909830056250525
v -6.691306063588579 6.123233995736766e-16 -12.568551745226056
v -7.431448254773944 6.123233995736766e-16 -13.30869393641142
v -8.090169943749473 6.123233995736766e-16 -14.122147477075266
v -8.660254037844387 6.123233995736766e-16 -15.0
v -9.13545457642601 6.123233995736766e-16 -15.932633569242
v -9.510565162951535 6.123233995736766e-16 -16.909830056250524
v -9.781476007338057 6.123233995736766e-16 -17.920883091822407
v -9.945218953682733 6.123233995736766e-16 -18.954715367323463
v -10.0 6.123233995736766e-16 -20.0
v -9.945218953682733 6.123233995736766e-16 -21.045284632676534
v -9.781476007338057 6.123233995736766e-16 -22.07911690817759
v -9.510565162951535 6.123233995736766e-16 -23.090169943749476
v -9.13545457642601 6.123233995736766e-16 -24.067366430758
v -8.660254037844386 6.123233995736766e-16 -25.0
v -8.090169943749476 6.123233995736766e-16 -25.87785252292473
v -7.431448254773942 6.123233995736766e-16 -26.691306063588584
v -6.691306063588584 6.123233995736766e-16 -27.43144825477394
v -5.877852522924733 6.123233995736766e-16 -28.090169943749473
v -5.000000000000004 6.123233995736766e-16 -28.660254037844382
v -4.067366430758001 6.123233995736766e-16 -29.13545457642601
v -3.0901699437494754 6.123233995736766e-16 -29.510565162951536
v -2.079116908177598 6.123233995736766e-16 -29.781476007338057
v -1.0452846326765424 6.123233995736766e-16 -29.945218953682733
v -1.8369701987210296e-15 6.123233995736766e-16 -30.0
v 1.0452846326765388 6.123233995736766e-16 -29.945218953682733
v 2.0791169081775944 6.123233995736766e-16 -29.781476007338057
v 3.0901699437494723 6.123233995736766e-16 -29.510565162951536
v 4.067366430757998 6.123233995736766e-16 -29.13545457642601
v 5.000000000000001 6.123233995736766e-16 -28.660254037844386
v 5.877852522924729 6.123233995736766e-16 -28.090169943749476
v 6.691306063588584 6.123233995736766e-16 -27.43144825477394
v 7.431448254773937 6.123233995736766e-16 -26.691306063588588
v 8.090169943749473 6.123233995736766e-16 -25.877852522924734
v 8.660254037844384 6.123233995736766e-16 -25.000000000000004
v 9.13545457642601 6.123233995736766e-16 -24.067366430758
v 9.510565162951535 6.123233995736766e-16 -23.090169943749476
v 9.781476007338055 6.123233995736766e-16 -22.0791169081776
v 9.945218953682733 6.123233995736766e-16 -21.045284632676545
v 9.986295347545738 -0.5233595624294384 -20.0
v 9.931589376748557 -0.5233595624294384 -18.956147893584127
v 9.76807083442103 -0.5233595624294384 -17.92373244928624
v 9.49753126393135 -0.5233595624294384 -16.914065026760895
v 9.122934753427847 -0.5233595624294384 -15.938207753575766
v 8.64838546066896 -0.5233595624294384 -15.006852326227133
v 8.079082647011974 -0.5233595624294384 -14.130202869675678
v 7.421263713217591 -0.5233595624294384 -13.317864138818075
v 6.682135861181925 -0.5233595624294384 -12.578736286782409
v 5.869797130324322 -0.5233595624294384 -11.920917352988026
v 4.99314767377287 -0.5233595624294384 -11.351614539331042
v 4.061792246424237 -0.5233595624294384 -10.877065246572153
v 3.0859349732391053 -0.5233595624294384 -10.50246873606865
v 2.076267550713757 -0.5233595624294384 -10.23192916557897
v 1.0438521064158732 -0.5233595624294384 -10.068410623251443
v 6.114842316355997e-16 -0.5233595624294384 -10.013704652454262
v -1.0438521064158721 -0.5233595624294384 -10.068410623251442
v -2.076267550713756 -0.5233595624294384 -10.23192916557897
v -3.085934973239104 -0.5233595624294384 -10.50246873606865
v -4.0617922464242335 -0.5233595624294384 -10.877065246572151
v -4.993147673772867 -0.5233595624294384 -11.35161453933104
v -5.869797130324321 -0.5233595624294384 -11.920917352988026
v -6.682135861181921 -0.5233595624294384 -12.578736286782405
v -7.421263713217593 -0.5233595624294384 -13.317864138818077
v -8.079082647011973 -0.5233595624294384 -14.130202869675676
v -8.64838546066896 -0.5233595624294384 -15.006852326227133
v -9.122934753427849 -0.5233595624294384 -15.938207753575767
v -9.49753126393135 -0.5233595624294384 -16.914065026760895
v -9.76807083442103 -0.5233595624294384 -17.92373244928624
v -9.931589376748557 -0.5233595624294384 -18.956147893584124
v -9.986295347545738 -0.5233595624294384 -20.0
v -9.931589376748557 -0.5233595624294384 -21.043852106415873
v -9.76807083442103 -0.5233595624294384 -22.076267550713755
v -9.49753126393135 -0.5233595624294384 -23.08593497323911
v -9.122934753427849 -0.5233595624294384 -24.061792246424233
v -8.648385460668958 -0.5233595624294384 -24.99314767377287
v -8.079082647011976 -0.5233595624294384 -25.869797130324322
v -7.421263713217591 -0.5233595624294384 -26.682135861181926
v -6.682135861181927 -0.5233595624294384 -27.42126371321759
v -5.869797130324324 -0.5233595624294384 -28.079082647011973
v -4.9931476737728735 -0.5233595624294384 -28.648385460668955
v -4.0617922464242335 -0.5233595624294384 -29.12293475342785
v -3.085934973239106 -0.5233595624294384 -29.49753126393135
v -2.0762675507137627 -0.5233595624294384 -29.768070834421028
v -1.043852106415881 -0.5233595624294384 -29.931589376748555
v -1.834452694906799e-15 -0.5233595624294384 -29.986295347545738
v 1.0438521064158774 -0.5233595624294384 -29.931589376748555
v 2.076267550713759 -0.5233595624294384 -29.768070834421028
v 3.085934973239103 -0.5233595624294384 -29.49753126393135
v 4.061792246424231 -0.5233595624294384 -29.12293475342785
v 4.99314767377287 -0.5233595624294384 -28.64838546066896
v 5.86979713032432 -0.5233595624294384 -28.079082647011976
v 6.682135861181927 -0.5233595624294384 -27.42126371321759
v 7.421263713217586 -0.5233595624294384 -26.68213586118193
v 8.079082647011973 -0.5233595624294384 -25.869797130324326
v 8.648385460668957 -0.5233595624294384 -24.993147673772874
v 9.122934753427849 -0.5233595624294384 -24.061792246424233
v 9.49753126393135 -0.5233595624294384 -23.085934973239105
v 9.768070834421028 -0.5233595624294384 -22.076267550713762
v 9.931589376748557 -0.5233595624294384 -21.043852106415883
v 9.945218953682733 -1.0452846326765333 -20.0
v 9.890738003669028 -1.0452846326765333 -18.960441545911202
v 9.727892058317135 -1.0452846326765333 -17.932272711786997
v 9.458465291882032 -1.0452846326765333 -16.926758330532202
v 9.085409600397961 -1.0452846326765333 -15.954915028125264
v 8.612812260087741 -1.0452846326765333 -15.027390523158633
v 8.045851146309165 -1.0452846326765333 -14.154346968205708
v 7.3907380036690284 -1.0452846326765333 -13.345349611150663
v 6.654650388849337 -1.0452846326765333 -12.609261996330972
v 5.845653031794291 -1.0452846326765333 -11.954148853690835
v 4.972609476841368 -1.0452846326765333 -11.387187739912259
v 4.045084971874739 -1.0452846326765333 -10.914590399602039
v 3.073241669467798 -1.0452846326765333 -10.541534708117968
v 2.0677272882130033 -1.0452846326765333 -10.272107941682865
v 1.0395584540887965 -1.0452846326765333 -10.109261996330972
v 6.089690279223574e-16 -1.0452846326765333 -10.054781046317267
v -1.0395584540887952 -1.0452846326765333 -10.109261996330972
v -2.0677272882130024 -1.0452846326765333 -10.272107941682865
v -3.073241669467797 -1.0452846326765333 -10.541534708117966
v -4.0450849718747355 -1.0452846326765333 -10.914590399602037
v -4.972609476841365 -1.0452846326765333 -11.387187739912259
v -5.84565303179429 -1.0452846326765333 -11.954148853690835
v -6.654650388849333 -1.0452846326765333 -12.60926199633097
v -7.390738003669029 -1.0452846326765333 -13.345349611150665
v -8.045851146309163 -1.0452846326765333 -14.154346968205708
v -8.612812260087741 -1.0452846326765333 -15.027390523158633
v -9.085409600397963 -1.0452846326765333 -15.954915028125264
v -9.458465291882032 -1.0452846326765333 -16.926758330532202
v -9.727892058317135 -1.0452846326765333 -17.932272711786997
v -9.890738003669028 -1.0452846326765333 -18.960441545911202
v -9.945218953682733 -1.0452846326765333 -20.0
v -9.890738003669028 -1.0452846326765333 -21.039558454088798
v -9.727892058317135 -1.0452846326765333 -22.067727288213
v -9.458465291882032 -1.0452846326765333 -23.0732416694678
v -9.085409600397963 -1.0452846326765333 -24.045084971874733
v -8.612812260087741 -1.0452846326765333 -24.972609476841367
v -8.045851146309166 -1.0452846326765333 -25.845653031794292
v -7.3907380036690284 -1.0452846326765333 -26.654650388849337
v -6.65465038884934 -1.0452846326765333 -27.390738003669025
v -5.845653031794292 -1.0452846326765333 -28.04585114630916
v -4.972609476841371 -1.0452846326765333 -28.61281226008774
v -4.045084971874736 -1.0452846326765333 -29.085409600397963
v -3.0732416694677993 -1.0452846326765333 -29.458465291882032
v -2.067727288213009 -1.0452846326765333 -29.72789205831713
v -1.0395584540888043 -1.0452846326765333 -29.89073800366903
v -1.826907083767072e-15 -1.0452846326765333 -29.945218953682733
v 1.0395584540888008 -1.0452846326765333 -29.89073800366903
v 2.0677272882130056 -1.0452846326765333 -29.72789205831713
v 3.0732416694677958 -1.0452846326765333 -29.458465291882035
v 4.045084971874733 -1.0452846326765333 -29.085409600397963
v 4.972609476841368 -1.0452846326765333 -28.612812260087743
v 5.8456530317942885 -1.0452846326765333 -28.045851146309168
v 6.65465038884934 -1.0452846326765333 -27.390738003669025
v 7.390738003669023 -1.0452846326765333 -26.65465038884934
v 8.045851146309163 -1.0452846326765333 -25.845653031794292
v 8.61281226008774 -1.0452846326765333 -24.97260947684137
v 9.085409600397963 -1.0452846326765333 -24.045084971874736
v 9.458465291882032 -1.0452846326765333 -23.073241669467798
v 9.727892058317133 -1.0452846326765333 -22.06772728821301
v 9.890738003669028 -1.0452846326765333 -21.039558454088805
v 9.876883405951377 -1.5643446504023104 -20.0
v 9.82277680521821 -1.5643446504023104 -18.967584555702114
v 9.661049806258879 -1.5643446504023104 -17.94648047105878
v 9.393474323917527 -1.5643446504023104 -16.947875176101114
v 9.022981971172461 -1.5643446504023104 -15.982709599412262
v 8.553631939770863 -1.5643446504023104 -15.061558297024312
v 7.990566526874577 -1.5643446504023104 -14.194513595369529
v 7.3399547949763075 -1.5643446504023104 -13.39107501764001
v 6.60892498235999 -1.5643446504023104 -12.660045205023694
v 5.8054864046304715 -1.5643446504023104 -12.009433473125423
v 4.938441702975689 -1.5643446504023104 -11.446368060229137
v 4.017290400587741 -1.5643446504023104 -10.977018028827539
v 3.0521248238988883 -1.5643446504023104 -10.606525676082473
v 2.0535195289412194 -1.5643446504023104 -10.338950193741121
v 1.0324154442978846 -1.5643446504023104 -10.17722319478179
v 6.04784682432498e-16 -1.5643446504023104 -10.123116594048623
v -1.0324154442978832 -1.5643446504023104 -10.177223194781789
v -2.0535195289412185 -1.5643446504023104 -10.338950193741121
v -3.0521248238988874 -1.5643446504023104 -10.606525676082471
v -4.017290400587737 -1.5643446504023104 -10.977018028827539
v -4.938441702975687 -1.5643446504023104 -11.446368060229137
v -5.805486404630471 -1.5643446504023104 -12.009433473125423
v -6.608924982359986 -1.5643446504023104 -12.66004520502369
v -7.339954794976308 -1.5643446504023104 -13.391075017640013
v -7.990566526874575 -1.5643446504023104 -14.194513595369529
v -8.553631939770863 -1.5643446504023104 -15.061558297024312
v -9.022981971172461 -1.5643446504023104 -15.982709599412264
v -9.393474323917527 -1.5643446504023104 -16.94787517610111
v -9.661049806258879 -1.5643446504023104 -17.94648047105878
v -9.82277680521821 -1.5643446504023104 -18.967584555702114
v -9.876883405951377 -1.5643446504023104 -20.0
v -9.82277680521821 -1.5643446504023104 -21.032415444297886
v -9.661049806258879 -1.5643446504023104 -22.053519528941216
v -9.393474323917527 -1.5643446504023104 -23.052124823898893
v -9.022981971172463 -1.5643446504023104 -24.017290400587736
v -8.553631939770863 -1.5643446504023104 -24.938441702975688
v -7.990566526874578 -1.5643446504023104 -25.80548640463047
v -7.3399547949763075 -1.5643446504023104 -26.60892498235999
v -6.608924982359992 -1.5643446504023104 -27.339954794976304
v -5.805486404630472 -1.5643446504023104 -27.990566526874574
v -4.938441702975693 -1.5643446504023104 -28.55363193977086
v -4.017290400587738 -1.5643446504023104 -29.022981971172463
v -3.0521248238988896 -1.5643446504023104 -29.393474323917527
v -2.0535195289412247 -1.5643446504023104 -29.661049806258877
v -1.0324154442978921 -1.5643446504023104 -29.82277680521821
v -1.814354047297494e-15 -1.5643446504023104 -29.876883405951375
v 1.0324154442978886 -1.5643446504023104 -29.82277680521821
v 2.053519528941221 -1.5643446504023104 -29.661049806258877
v 3.052124823898886 -1.5643446504023104 -29.39347432391753
v 4.017290400587735 -1.5643446504023104 -29.022981971172463
v 4.938441702975689 -1.5643446504023104 -28.553631939770863
v 5.805486404630469 -1.5643446504023104 -27.990566526874577
v 6.608924982359992 -1.5643446504023104 -27.339954794976304
v 7.339954794976301 -1.5643446504023104 -26.608924982359994
v 7.990566526874575 -1.5643446504023104 -25.80548640463047
v 8.55363193977086 -1.5643446504023104 -24.938441702975695
v 9.022981971172461 -1.5643446504023104 -24.01729040058774
v 9.393474323917527 -1.5643446504023104 -23.05212482389889
v 9.661049806258877 -1.5643446504023104 -22.053519528941226
v 9.82277680521821 -1.5643446504023104 -21.032415444297893
v 9.781476007338057 -2.0791169081775913 -20.0
v 9.727892058317135 -2.0791169081775913 -18.97755734446353
v 9.567727288213005 -2.0791169081775913 -17.966316784621
v 9.30273649576356 -2.0791169081775913 -16.977357683661733
v 8.935822975543765 -2.0791169081775913 -16.02151528444884
v 8.47100670886274 -2.0791169081775913 -15.109261996330972
v 7.913380320007296 -2.0791169081775913 -14.250592657234026
v 7.26905328038456 -2.0791169081775913 -13.454915028125264
v 6.545084971874737 -2.0791169081775913 -12.730946719615442
v 5.749407342765973 -2.0791169081775913 -12.086619679992705
v 4.890738003669029 -2.0791169081775913 -11.528993291137262
v 3.978484715551164 -2.0791169081775913 -11.064177024456235
v 3.022642316338268 -2.0791169081775913 -10.69726350423644
v 2.0336832153790003 -2.0791169081775913 -10.432272711786995
v 1.0224426555364696 -2.0791169081775913 -10.272107941682865
v 5.989426641661592e-16 -2.0791169081775913 -10.218523992661943
v -1.0224426555364685 -2.0791169081775913 -10.272107941682865
v -2.033683215378999 -2.0791169081775913 -10.432272711786995
v -3.0226423163382665 -2.0791169081775913 -10.697263504236439
v -3.978484715551161 -2.0791169081775913 -11.064177024456233
v -4.890738003669027 -2.0791169081775913 -11.52899329113726
v -5.749407342765972 -2.0791169081775913 -12.086619679992705
v -6.545084971874735 -2.0791169081775913 -12.730946719615439
v -7.2690532803845604 -2.0791169081775913 -13.454915028125264
v -7.913380320007295 -2.0791169081775913 -14.250592657234026
v -8.47100670886274 -2.0791169081775913 -15.109261996330972
v -8.935822975543767 -2.0791169081775913 -16.02151528444884
v -9.30273649576356 -2.0791169081775913 -16.977357683661733
v -9.567727288213005 -2.0791169081775913 -17.966316784621
v -9.727892058317135 -2.0791169081775913 -18.977557344463527
v -9.781476007338057 -2.0791169081775913 -20.0
v -9.727892058317135 -2.0791169081775913 -21.02244265553647
v -9.567727288213005 -2.0791169081775913 -22.033683215379
v -9.30273649576356 -2.0791169081775913 -23.02264231633827
v -8.935822975543768 -2.0791169081775913 -23.978484715551158
v -8.471006708862738 -2.0791169081775913 -24.89073800366903
v -7.913380320007297 -2.0791169081775913 -25.74940734276597
v -7.26905328038456 -2.0791169081775913 -26.545084971874736
v -6.54508497187474 -2.0791169081775913 -27.269053280384558
v -5.7494073427659735 -2.0791169081775913 -27.913380320007295
v -4.890738003669033 -2.0791169081775913 -28.47100670886274
v -3.9784847155511613 -2.0791169081775913 -28.935822975543765
v -3.0226423163382687 -2.0791169081775913 -29.30273649576356
v -2.0336832153790056 -2.0791169081775913 -29.567727288213007
v -1.0224426555364772 -2.0791169081775913 -29.727892058317135
v -1.7968279924984775e-15 -2.0791169081775913 -29.781476007338057
v 1.0224426555364738 -2.0791169081775913 -29.727892058317135
v 2.033683215379002 -2.0791169081775913 -29.567727288213007
v 3.0226423163382656 -2.0791169081775913 -29.30273649576356
v 3.9784847155511582 -2.0791169081775913 -28.93582297554377
v 4.890738003669029 -2.0791169081775913 -28.47100670886274
v 5.74940734276597 -2.0791169081775913 -27.9133803200073
v 6.54508497187474 -2.0791169081775913 -27.269053280384558
v 7.269053280384554 -2.0791169081775913 -26.545084971874743
v 7.913380320007295 -2.0791169081775913 -25.749407342765974
v 8.471006708862737 -2.0791169081775913 -24.890738003669032
v 8.935822975543767 -2.0791169081775913 -23.97848471555116
v 9.30273649576356 -2.0791169081775913 -23.02264231633827
v 9.567727288213005 -2.0791169081775913 -22.033683215379007
v 9.727892058317135 -2.0791169081775913 -21.022442655536477
v 9.659258262890683 -2.5881904510252083 -20.0
v 9.606343835461697 -2.5881904510252083 -18.990332577474653
v 9.448180294714708 -2.5881904510252083 -17.991727282516987
v 9.18650051349999 -2.5881904510252083 -17.015125043710146
v 8.824171510260543 -2.5881904510252083 -16.07122571954966
v 8.36516303737808 -2.5881904510252083 -15.17037086855466
v 7.814504087735196 -2.5881904510252083 -14.322430444988644
v 7.178227796016975 -2.5881904510252083 -13.536694661575146
v 6.463305338424854 -2.5881904510252083 -12.821772203983027
v 5.677569555011356 -2.5881904510252083 -12.185495912264804
v 4.829629131445342 -2.5881904510252083 -11.634836962621922
v 3.928774280450343 -2.5881904510252083 -11.175828489739457
v 2.984874956289855 -2.5881904510252083 -10.81349948650001
v 2.0082727174830137 -2.5881904510252083 -10.551819705285292
v 1.0096674225253468 -2.5881904510252083 -10.393656164538303
v 5.914589856893349e-16 -2.5881904510252083 -10.340741737109317
v -1.0096674225253457 -2.5881904510252083 -10.393656164538301
v -2.008272717483013 -2.5881904510252083 -10.551819705285292
v -2.9848749562898536 -2.5881904510252083 -10.81349948650001
v -3.92877428045034 -2.5881904510252083 -11.175828489739455
v -4.82962913144534 -2.5881904510252083 -11.63483696262192
v -5.677569555011355 -2.5881904510252083 -12.185495912264804
v -6.463305338424851 -2.5881904510252083 -12.821772203983024
v -7.178227796016976 -2.5881904510252083 -13.536694661575147
v -7.8145040877351954 -2.5881904510252083 -14.322430444988644
v -8.36516303737808 -2.5881904510252083 -15.17037086855466
v -8.824171510260545 -2.5881904510252083 -16.07122571954966
v -9.18650051349999 -2.5881904510252083 -17.015125043710146
v -9.448180294714708 -2.5881904510252083 -17.991727282516987
v -9.606343835461697 -2.5881904510252083 -18.99033257747465
v -9.659258262890683 -2.5881904510252083 -20.0
v -9.606343835461697 -2.5881904510252083 -21.009667422525347
v -9.448180294714708 -2.5881904510252083 -22.008272717483013
v -9.18650051349999 -2.5881904510252083 -22.984874956289858
v -8.824171510260545 -2.5881904510252083 -23.928774280450337
v -8.365163037378078 -2.5881904510252083 -24.829629131445344
v -7.814504087735197 -2.5881904510252083 -25.677569555011356
v -7.178227796016975 -2.5881904510252083 -26.463305338424853
v -6.463305338424856 -2.5881904510252083 -27.178227796016973
v -5.677569555011357 -2.5881904510252083 -27.814504087735195
v -4.829629131445346 -2.5881904510252083 -28.365163037378075
v -3.9287742804503405 -2.5881904510252083 -28.824171510260545
v -2.9848749562898558 -2.5881904510252083 -29.18650051349999
v -2.008272717483019 -2.5881904510252083 -29.44818029471471
v -1.0096674225253544 -2.5881904510252083 -29.606343835461697
v -1.7743769570680046e-15 -2.5881904510252083 -29.65925826289068
v 1.0096674225253508 -2.5881904510252083 -29.606343835461697
v 2.0082727174830155 -2.5881904510252083 -29.44818029471471
v 2.9848749562898527 -2.5881904510252083 -29.18650051349999
v 3.9287742804503374 -2.5881904510252083 -28.824171510260545
v 4.829629131445342 -2.5881904510252083 -28.36516303737808
v 5.677569555011353 -2.5881904510252083 -27.814504087735198
v 6.463305338424856 -2.5881904510252083 -27.178227796016973
v 7.178227796016969 -2.5881904510252083 -26.46330533842486
v 7.8145040877351954 -2.5881904510252083 -25.67756955501136
v 8.365163037378077 -2.5881904510252083 -24.829629131445344
v 8.824171510260545 -2.5881904510252083 -23.92877428045034
v 9.18650051349999 -2.5881904510252083 -22.984874956289858
v 9.448180294714708 -2.5881904510252083 -22.00827271748302
v 9.606343835461697 -2.5881904510252083 -21.009667422525354
v 9.510565162951536 -3.0901699437494736 -20.0
v 9.458465291882034 -3.0901699437494736 -19.005875238709795
v 9.302736495763561 -3.0901699437494736 -18.022642316338267
v 9.045084971874738 -3.0901699437494736 -17.061073738537633
v 8.688333604228339 -3.0901699437494736 -16.13170465186744
v 8.23639103546332 -3.0901699437494736 -15.244717418524232
v 7.694208842938134 -3.0901699437494736 -14.409830056250525
v 7.067727288213005 -3.0901699437494736 -13.636189765698806
v 6.363810234301195 -3.0901699437494736 -12.932272711786997
v 5.5901699437494745 -3.0901699437494736 -12.305791157061865
v 4.755282581475769 -3.0901699437494736 -11.763608964536681
v 3.8682953481325604 -3.0901699437494736 -11.311666395771661
v 2.938926261462366 -3.0901699437494736 -10.954915028125262
v 1.9773576836617317 -3.0901699437494736 -10.697263504236439
v 0.9941247612902043 -3.0901699437494736 -10.541534708117966
v 5.823541592445462e-16 -3.0901699437494736 -10.489434837048464
v -0.9941247612902031 -3.0901699437494736 -10.541534708117966
v -1.9773576836617308 -3.0901699437494736 -10.697263504236439
v -2.938926261462365 -3.0901699437494736 -10.954915028125262
v -3.8682953481325573 -3.0901699437494736 -11.311666395771661
v -4.755282581475766 -3.0901699437494736 -11.76360896453668
v -5.590169943749474 -3.0901699437494736 -12.305791157061865
v -6.363810234301192 -3.0901699437494736 -12.932272711786993
v -7.067727288213006 -3.0901699437494736 -13.636189765698807
v -7.694208842938133 -3.0901699437494736 -14.409830056250524
v -8.23639103546332 -3.0901699437494736 -15.244717418524232
v -8.688333604228339 -3.0901699437494736 -16.131704651867445
v -9.045084971874738 -3.0901699437494736 -17.061073738537633
v -9.302736495763561 -3.0901699437494736 -18.022642316338267
v -9.458465291882034 -3.0901699437494736 -19.005875238709795
v -9.510565162951536 -3.0901699437494736 -20.0
v -9.458465291882034 -3.0901699437494736 -20.994124761290205
v -9.302736495763561 -3.0901699437494736 -21.97735768366173
v -9.045084971874738 -3.0901699437494736 -22.93892626146237
v -8.68833360422834 -3.0901699437494736 -23.868295348132555
v -8.236391035463319 -3.0901699437494736 -24.755282581475768
v -7.694208842938135 -3.0901699437494736 -25.590169943749473
v -7.067727288213005 -3.0901699437494736 -26.363810234301194
v -6.363810234301197 -3.0901699437494736 -27.067727288213003
v -5.590169943749475 -3.0901699437494736 -27.69420884293813
v -4.755282581475773 -3.0901699437494736 -28.236391035463317
v -3.8682953481325577 -3.0901699437494736 -28.68833360422834
v -2.9389262614623672 -3.0901699437494736 -29.045084971874736
v -1.977357683661737 -3.0901699437494736 -29.30273649576356
v -0.9941247612902117 -3.0901699437494736 -29.458465291882035
v -1.7470624777336387e-15 -3.0901699437494736 -29.510565162951536
v 0.9941247612902082 -3.0901699437494736 -29.458465291882035
v 1.9773576836617337 -3.0901699437494736 -29.30273649576356
v 2.938926261462364 -3.0901699437494736 -29.045084971874736
v 3.8682953481325546 -3.0901699437494736 -28.68833360422834
v 4.755282581475769 -3.0901699437494736 -28.23639103546332
v 5.590169943749473 -3.0901699437494736 -27.694208842938135
v 6.363810234301197 -3.0901699437494736 -27.067727288213003
v 7.067727288213 -3.0901699437494736 -26.3638102343012
v 7.694208842938133 -3.0901699437494736 -25.590169943749476
v 8.236391035463317 -3.0901699437494736 -24.75528258147577
v 8.688333604228339 -3.0901699437494736 -23.86829534813256
v 9.045084971874738 -3.0901699437494736 -22.938926261462367
v 9.30273649576356 -3.0901699437494736 -21.977357683661737
v 9.458465291882034 -3.0901699437494736 -20.994124761290212
v 9.335804264972017 -3.5836794954530027 -20.0
v 9.28466175238718 -3.5836794954530027 -19.02414272681487
v 9.131794542702808 -3.5836794954530027 -18.05897715012602
v 8.878877481057723 -3.5836794954530027 -17.115077825965532
v 8.528681579705607 -3.5836794954530027 -16.202786312852545
v 8.085043658224876 -3.5836794954530027 -15.332097867513992
v 7.552824306520477 -3.5836794954530027 -14.512551934760276
v 6.937854631183742 -3.5836794954530027 -13.753127631331658
v 6.246872368668341 -3.5836794954530027 -13.062145368816259
v 5.4874480652397235 -3.5836794954530027 -12.447175693479522
v 4.6679021324860095 -3.5836794954530027 -11.914956341775126
v 3.797213687147458 -3.5836794954530027 -11.471318420294393
v 2.884922174034468 -3.5836794954530027 -11.121122518942277
v 1.94102284987398 -3.5836794954530027 -10.868205457297192
v 0.9758572731851299 -3.5836794954530027 -10.71533824761282
v 5.716531405282095e-16 -3.5836794954530027 -10.664195735027983
v -0.9758572731851288 -3.5836794954530027 -10.715338247612818
v -1.941022849873979 -3.5836794954530027 -10.868205457297192
v -2.8849221740344673 -3.5836794954530027 -11.121122518942276
v -3.797213687147455 -3.5836794954530027 -11.471318420294393
v -4.667902132486007 -3.5836794954530027 -11.914956341775124
v -5.487448065239723 -3.5836794954530027 -12.447175693479522
v -6.246872368668337 -3.5836794954530027 -13.062145368816255
v -6.937854631183743 -3.5836794954530027 -13.753127631331662
v -7.552824306520476 -3.5836794954530027 -14.512551934760275
v -8.085043658224876 -3.5836794954530027 -15.332097867513992
v -8.528681579705607 -3.5836794954530027 -16.202786312852545
v -8.878877481057723 -3.5836794954530027 -17.115077825965532
v -9.131794542702808 -3.5836794954530027 -18.05897715012602
v -9.28466175238718 -3.5836794954530027 -19.02414272681487
v -9.335804264972017 -3.5836794954530027 -20.0
v -9.28466175238718 -3.5836794954530027 -20.97585727318513
v -9.131794542702808 -3.5836794954530027 -21.941022849873978
v -8.878877481057723 -3.5836794954530027 -22.88492217403447
v -8.528681579705609 -3.5836794954530027 -23.797213687147455
v -8.085043658224874 -3.5836794954530027 -24.66790213248601
v -7.552824306520478 -3.5836794954530027 -25.48744806523972
v -6.937854631183742 -3.5836794954530027 -26.246872368668342
v -6.246872368668343 -3.5836794954530027 -26.93785463118374
v -5.487448065239725 -3.5836794954530027 -27.552824306520478
v -4.667902132486013 -3.5836794954530027 -28.085043658224873
v -3.7972136871474556 -3.5836794954530027 -28.528681579705605
v -2.8849221740344695 -3.5836794954530027 -28.87887748105772
v -1.9410228498739852 -3.5836794954530027 -29.131794542702806
v -0.9758572731851373 -3.5836794954530027 -29.28466175238718
v -1.7149594215846284e-15 -3.5836794954530027 -29.33580426497202
v 0.9758572731851338 -3.5836794954530027 -29.28466175238718
v 1.9410228498739819 -3.5836794954530027 -29.131794542702806
v 2.8849221740344664 -3.5836794954530027 -28.878877481057724
v 3.7972136871474524 -3.5836794954530027 -28.52868157970561
v 4.6679021324860095 -3.5836794954530027 -28.085043658224876
v 5.487448065239722 -3.5836794954530027 -27.552824306520478
v 6.246872368668343 -3.5836794954530027 -26.93785463118374
v 6.937854631183737 -3.5836794954530027 -26.246872368668345
v 7.552824306520476 -3.5836794954530027 -25.487448065239725
v 8.085043658224873 -3.5836794954530027 -24.667902132486013
v 8.528681579705607 -3.5836794954530027 -23.797213687147455
v 8.878877481057723 -3.5836794954530027 -22.88492217403447
v 9.131794542702808 -3.5836794954530027 -21.941022849873985
v 9.28466175238718 -3.5836794954530027 -20.975857273185138
v 9.13545457642601 -4.067366430758001 -20.0
v 9.085409600397963 -4.067366430758001 -19.045084971874736
v 8.935822975543767 -4.067366430758001 -18.10063219262643
v 8.688333604228339 -4.067366430758001 -17.176989284543975
v 8.345653031794292 -4.067366430758001 -16.28427587261303
v 7.911535738303734 -4.067366430758001 -15.432272711786997
v 7.390738003669029 -4.067366430758001 -14.63031452698901
v 6.78896579685477 -4.067366430758001 -13.887187739912257
v 6.112812260087742 -4.067366430758001 -13.211034203145232
v 5.369685473010991 -4.067366430758001 -12.609261996330972
v 4.567727288213006 -4.067366430758001 -12.088464261696267
v 3.715724127386973 -4.067366430758001 -11.654346968205708
v 2.8230107154560242 -4.067366430758001 -11.311666395771661
v 1.8993678073735683 -4.067366430758001 -11.064177024456233
v 0.9549150281252629 -4.067366430758001 -10.914590399602037
v 5.593852602888077e-16 -4.067366430758001 -10.86454542357399
v -0.9549150281252617 -4.067366430758001 -10.914590399602037
v -1.8993678073735671 -4.067366430758001 -11.064177024456233
v -2.8230107154560233 -4.067366430758001 -11.31166639577166
v -3.71572412738697 -4.067366430758001 -11.654346968205706
v -4.567727288213003 -4.067366430758001 -12.088464261696267
v -5.36968547301099 -4.067366430758001 -12.609261996330972
v -6.11281226008774 -4.067366430758001 -13.211034203145228
v -6.788965796854771 -4.067366430758001 -13.88718773991226
v -7.3907380036690284 -4.067366430758001 -14.630314526989007
v -7.911535738303734 -4.067366430758001 -15.432272711786997
v -8.345653031794294 -4.067366430758001 -16.28427587261303
v -8.688333604228339 -4.067366430758001 -17.176989284543975
v -8.935822975543767 -4.067366430758001 -18.10063219262643
v -9.085409600397963 -4.067366430758001 -19.045084971874736
v -9.13545457642601 -4.067366430758001 -20.0
v -9.085409600397963 -4.067366430758001 -20.954915028125264
v -8.935822975543767 -4.067366430758001 -21.899367807373565
v -8.688333604228339 -4.067366430758001 -22.82301071545603
v -8.345653031794294 -4.067366430758001 -23.71572412738697
v -7.911535738303733 -4.067366430758001 -24.567727288213007
v -7.39073800366903 -4.067366430758001 -25.36968547301099
v -6.78896579685477 -4.067366430758001 -26.112812260087743
v -6.112812260087745 -4.067366430758001 -26.788965796854768
v -5.369685473010992 -4.067366430758001 -27.39073800366903
v -4.5677272882130096 -4.067366430758001 -27.91153573830373
v -3.7157241273869706 -4.067366430758001 -28.345653031794292
v -2.8230107154560256 -4.067366430758001 -28.68833360422834
v -1.8993678073735734 -4.067366430758001 -28.935822975543765
v -0.95491502812527 -4.067366430758001 -29.085409600397963
v -1.6781557808664229e-15 -4.067366430758001 -29.13545457642601
v 0.9549150281252666 -4.067366430758001 -29.085409600397963
v 1.89936780737357 -4.067366430758001 -28.935822975543765
v 2.8230107154560224 -4.067366430758001 -28.68833360422834
v 3.7157241273869674 -4.067366430758001 -28.345653031794292
v 4.567727288213006 -4.067366430758001 -27.911535738303733
v 5.369685473010989 -4.067366430758001 -27.39073800366903
v 6.112812260087745 -4.067366430758001 -26.788965796854768
v 6.7889657968547645 -4.067366430758001 -26.112812260087747
v 7.3907380036690284 -4.067366430758001 -25.369685473010993
v 7.911535738303731 -4.067366430758001 -24.56772728821301
v 8.345653031794294 -4.067366430758001 -23.71572412738697
v 8.688333604228339 -4.067366430758001 -22.823010715456025
v 8.935822975543767 -4.067366430758001 -21.899367807373572
v 9.085409600397963 -4.067366430758001 -20.95491502812527
v 8.910065241883679 -4.539904997395467 -20.0
v 8.861254972213128 -4.539904997395467 -19.068644572651365
v 8.715358938730196 -4.539904997395467 -18.147493270263418
v 8.473975608908425 -4.539904997395467 -17.246638419268418
v 8.139749629022056 -4.539904997395467 -16.375949973929863
v 7.716342848848005 -4.539904997395467 -15.54496737905816
v 7.208394201673423 -4.539904997395467 -14.762795053857007
v 6.621468879171843 -4.539904997395467 -14.038002642001388
v 5.961997357998613 -4.539904997395467 -13.378531120828157
v 5.2372049461429935 -4.539904997395467 -12.791605798326577
v 4.45503262094184 -4.539904997395467 -12.283657151151996
v 3.6240500260701367 -4.539904997395467 -11.860250370977944
v 2.7533615807315837 -4.539904997395467 -11.526024391091575
v 1.8525067297365825 -4.539904997395467 -11.284641061269804
v 0.931355427348634 -4.539904997395467 -11.138745027786872
v 5.455841439333467e-16 -4.539904997395467 -11.089934758116321
v -0.9313554273486329 -4.539904997395467 -11.13874502778687
v -1.8525067297365816 -4.539904997395467 -11.284641061269804
v -2.7533615807315828 -4.539904997395467 -11.526024391091573
v -3.6240500260701336 -4.539904997395467 -11.860250370977942
v -4.455032620941838 -4.539904997395467 -12.283657151151996
v -5.237204946142993 -4.539904997395467 -12.791605798326577
v -5.96199735799861 -4.539904997395467 -13.378531120828155
v -6.621468879171844 -4.539904997395467 -14.03800264200139
v -7.208394201673422 -4.539904997395467 -14.762795053857005
v -7.716342848848005 -4.539904997395467 -15.54496737905816
v -8.139749629022058 -4.539904997395467 -16.375949973929867
v -8.473975608908425 -4.539904997395467 -17.246638419268415
v -8.715358938730196 -4.539904997395467 -18.147493270263418
v -8.861254972213128 -4.539904997395467 -19.068644572651365
v -8.910065241883679 -4.539904997395467 -20.0
v -8.861254972213128 -4.539904997395467 -20.931355427348635
v -8.715358938730196 -4.539904997395467 -21.852506729736582
v -8.473975608908425 -4.539904997395467 -22.753361580731585
v -8.139749629022058 -4.539904997395467 -23.624050026070133
v -7.716342848848004 -4.539904997395467 -24.45503262094184
v -7.208394201673424 -4.539904997395467 -25.23720494614299
v -6.621468879171843 -4.539904997395467 -25.961997357998612
v -5.961997357998615 -4.539904997395467 -26.621468879171843
v -5.237204946142994 -4.539904997395467 -27.20839420167342
v -4.455032620941843 -4.539904997395467 -27.716342848848
v -3.6240500260701345 -4.539904997395467 -28.139749629022056
v -2.7533615807315845 -4.539904997395467 -28.473975608908425
v -1.8525067297365876 -4.539904997395467 -28.715358938730198
v -0.9313554273486409 -4.539904997395467 -28.86125497221313
v -1.6367524318000401e-15 -4.539904997395467 -28.91006524188368
v 0.9313554273486376 -4.539904997395467 -28.86125497221313
v 1.8525067297365843 -4.539904997395467 -28.715358938730198
v 2.7533615807315814 -4.539904997395467 -28.473975608908425
v 3.6240500260701314 -4.539904997395467 -28.139749629022056
v 4.45503262094184 -4.539904997395467 -27.716342848848004
v 5.237204946142992 -4.539904997395467 -27.208394201673425
v 5.961997357998615 -4.539904997395467 -26.621468879171843
v 6.621468879171838 -4.539904997395467 -25.96199735799862
v 7.208394201673422 -4.539904997395467 -25.237204946142995
v 7.716342848848003 -4.539904997395467 -24.455032620941843
v 8.139749629022058 -4.539904997395467 -23.624050026070137
v 8.473975608908425 -4.539904997395467 -22.753361580731585
v 8.715358938730196 -4.539904997395467 -21.85250672973659
v 8.861254972213128 -4.539904997395467 -20.93135542734864
v 8.660254037844387 -4.999999999999998 -20.0
v 8.612812260087741 -4.999999999999998 -19.094756953916637
v 8.47100670886274 -4.999999999999998 -18.199431940080444
v 8.23639103546332 -4.999999999999998 -17.323834326701824
v 7.911535738303733 -4.999999999999998 -16.47755734446353
v 7.500000000000001 -4.999999999999998 -15.669872981077807
v 7.006292692220368 -4.999999999999998 -14.909630395448728
v 6.435822975543766 -4.999999999999998 -14.205158964435434
v 5.794841035564565 -4.999999999999998 -13.564177024456235
v 5.090369604551272 -4.999999999999998 -12.993707307779632
v 4.3301270189221945 -4.999999999999998 -12.5
v 3.5224426555364716 -4.999999999999998 -12.088464261696267
v 2.676165673298175 -4.999999999999998 -11.76360896453668
v 1.8005680599195533 -4.999999999999998 -11.52899329113726
v 0.9052430460833646 -4.999999999999998 -11.387187739912259
v 5.302876193624535e-16 -4.999999999999998 -11.339745962155613
v -0.9052430460833635 -4.999999999999998 -11.387187739912257
v -1.8005680599195522 -4.999999999999998 -11.52899329113726
v -2.6761656732981742 -4.999999999999998 -11.76360896453668
v -3.5224426555364685 -4.999999999999998 -12.088464261696267
v -4.330127018922192 -4.999999999999998 -12.5
v -5.090369604551271 -4.999999999999998 -12.993707307779632
v -5.794841035564563 -4.999999999999998 -13.564177024456232
v -6.435822975543767 -4.999999999999998 -14.205158964435437
v -7.006292692220367 -4.999999999999998 -14.909630395448726
v -7.500000000000001 -4.999999999999998 -15.669872981077807
v -7.9115357383037335 -4.999999999999998 -16.47755734446353
v -8.23639103546332 -4.999999999999998 -17.323834326701824
v -8.47100670886274 -4.999999999999998 -18.199431940080444
v -8.612812260087741 -4.999999999999998 -19.094756953916633
v -8.660254037844387 -4.999999999999998 -20.0
v -8.612812260087741 -4.999999999999998 -20.905243046083363
v -8.47100670886274 -4.999999999999998 -21.800568059919552
v -8.23639103546332 -4.999999999999998 -22.67616567329818
v -7.911535738303734 -4.999999999999998 -23.522442655536466
v -7.5 -4.999999999999998 -24.330127018922195
v -7.006292692220369 -4.999999999999998 -25.09036960455127
v -6.435822975543766 -4.999999999999998 -25.794841035564566
v -5.794841035564567 -4.999999999999998 -26.435822975543765
v -5.090369604551273 -4.999999999999998 -27.006292692220367
v -4.330127018922197 -4.999999999999998 -27.5
v -3.522442655536469 -4.999999999999998 -27.911535738303733
v -2.676165673298176 -4.999999999999998 -28.23639103546332
v -1.800568059919558 -4.999999999999998 -28.47100670886274
v -0.9052430460833712 -4.999999999999998 -28.612812260087743
v -1.5908628580873604e-15 -4.999999999999998 -28.66025403784439
v 0.9052430460833681 -4.999999999999998 -28.612812260087743
v 1.8005680599195548 -4.999999999999998 -28.47100670886274
v 2.676165673298173 -4.999999999999998 -28.23639103546332
v 3.5224426555364663 -4.999999999999998 -27.911535738303733
v 4.3301270189221945 -4.999999999999998 -27.5
v 5.09036960455127 -4.999999999999998 -27.00629269222037
v 5.794841035564567 -4.999999999999998 -26.435822975543765
v 6.435822975543761 -4.999999999999998 -25.79484103556457
v 7.006292692220367 -4.999999999999998 -25.090369604551274
v 7.499999999999998 -4.999999999999998 -24.330127018922198
v 7.9115357383037335 -4.999999999999998 -23.52244265553647
v 8.23639103546332 -4.999999999999998 -22.676165673298176
v 8.47100670886274 -4.999999999999998 -21.80056805991956
v 8.612812260087741 -4.999999999999998 -20.90524304608337
v 8.38670567945424 -5.446390350150271 -20.0
v 8.340762428226693 -5.446390350150271 -19.123350543448545
v 8.203436038418745 -5.446390350150271 -18.256305841793765
v 7.976231086694527 -5.446390350150271 -17.40836541822775
v 7.661636878050823 -5.446390350150271 -16.588819485474033
v 7.263100172470604 -5.446390350150271 -15.806647160272881
v 6.784987421499371 -5.446390350150271 -15.070418086299274
v 6.232536928488292 -5.446390350150271 -14.388198543353504
v 5.6118014566464955 -5.446390350150271 -13.76746307151171
v 4.929581913700727 -5.446390350150271 -13.21501257850063
v 4.193352839727121 -5.446390350150271 -12.736899827529399
v 3.411180514525967 -5.446390350150271 -12.338363121949177
v 2.591634581772251 -5.446390350150271 -12.023768913305473
v 1.7436941582062353 -5.446390350150271 -11.796563961581255
v 0.8766494565514531 -5.446390350150271 -11.659237571773307
v 5.135376132867281e-16 -5.446390350150271 -11.61329432054576
v -0.8766494565514521 -5.446390350150271 -11.659237571773307
v -1.7436941582062342 -5.446390350150271 -11.796563961581255
v -2.5916345817722495 -5.446390350150271 -12.02376891330547
v -3.411180514525964 -5.446390350150271 -12.338363121949175
v -4.193352839727118 -5.446390350150271 -12.736899827529395
v -4.929581913700726 -5.446390350150271 -13.21501257850063
v -5.611801456646493 -5.446390350150271 -13.767463071511706
v -6.232536928488293 -5.446390350150271 -14.388198543353507
v -6.78498742149937 -5.446390350150271 -15.070418086299272
v -7.263100172470604 -5.446390350150271 -15.806647160272881
v -7.661636878050824 -5.446390350150271 -16.588819485474037
v -7.976231086694527 -5.446390350150271 -17.40836541822775
v -8.203436038418745 -5.446390350150271 -18.256305841793765
v -8.340762428226693 -5.446390350150271 -19.123350543448545
v -8.38670567945424 -5.446390350150271 -20.0
v -8.340762428226693 -5.446390350150271 -20.876649456551455
v -8.203436038418745 -5.446390350150271 -21.743694158206235
v -7.976231086694527 -5.446390350150271 -22.591634581772254
v -7.661636878050825 -5.446390350150271 -23.411180514525963
v -7.263100172470602 -5.446390350150271 -24.19335283972712
v -6.7849874214993715 -5.446390350150271 -24.929581913700726
v -6.232536928488292 -5.446390350150271 -25.611801456646496
v -5.611801456646497 -5.446390350150271 -26.23253692848829
v -4.929581913700728 -5.446390350150271 -26.78498742149937
v -4.193352839727123 -5.446390350150271 -27.2631001724706
v -3.4111805145259644 -5.446390350150271 -27.661636878050825
v -2.5916345817722517 -5.446390350150271 -27.976231086694526
v -1.74369415820624 -5.446390350150271 -28.203436038418744
v -0.8766494565514596 -5.446390350150271 -28.340762428226693
v -1.5406128398601843e-15 -5.446390350150271 -28.386705679454238
v 0.8766494565514567 -5.446390350150271 -28.340762428226693
v 1.7436941582062369 -5.446390350150271 -28.203436038418744
v 2.5916345817722486 -5.446390350150271 -27.97623108669453
v 3.4111805145259617 -5.446390350150271 -27.661636878050825
v 4.193352839727121 -5.446390350150271 -27.2631001724706
v 4.9295819137007255 -5.446390350150271 -26.784987421499373
v 5.611801456646497 -5.446390350150271 -26.23253692848829
v 6.232536928488288 -5.446390350150271 -25.6118014566465
v 6.78498742149937 -5.446390350150271 -24.92958191370073
v 7.2631001724706 -5.446390350150271 -24.193352839727122
v 7.661636878050824 -5.446390350150271 -23.411180514525967
v 7.976231086694527 -5.446390350150271 -22.59163458177225
v 8.203436038418745 -5.446390350150271 -21.74369415820624
v 8.340762428226693 -5.446390350150271 -20.876649456551462
v 8.090169943749475 -5.87785252292473 -20.0
v 8.045851146309165 -5.87785252292473 -19.154346968205708
v 7.913380320007296 -5.87785252292473 -18.31795908799203
v 7.694208842938133 -5.87785252292473 -17.5
v 7.3907380036690284 -5.87785252292473 -16.709431435166604
v 7.006292692220368 -5.87785252292473 -15.954915028125264
v 6.545084971874737 -5.87785252292473 -15.244717418524232
v 6.012167930930164 -5.87785252292473 -14.586619679992705
v 5.413380320007296 -5.87785252292473 -13.987832069069837
v 4.755282581475768 -5.87785252292473 -13.454915028125264
v 4.045084971874738 -5.87785252292473 -12.993707307779633
v 3.290568564833398 -5.87785252292473 -12.609261996330972
v 2.5000000000000004 -5.87785252292473 -12.305791157061867
v 1.6820409120079693 -5.87785252292473 -12.086619679992705
v 0.845653031794291 -5.87785252292473 -11.954148853690835
v 4.953800363085459e-16 -5.87785252292473 -11.909830056250525
v -0.84565303179429 -5.87785252292473 -11.954148853690835
v -1.6820409120079685 -5.87785252292473 -12.086619679992705
v -2.4999999999999996 -5.87785252292473 -12.305791157061865
v -3.290568564833395 -5.87785252292473 -12.609261996330972
v -4.0450849718747355 -5.87785252292473 -12.993707307779632
v -4.755282581475767 -5.87785252292473 -13.454915028125264
v -5.413380320007294 -5.87785252292473 -13.987832069069835
v -6.012167930930165 -5.87785252292473 -14.586619679992705
v -6.545084971874736 -5.87785252292473 -15.244717418524232
v -7.006292692220368 -5.87785252292473 -15.954915028125264
v -7.390738003669029 -5.87785252292473 -16.709431435166604
v -7.694208842938133 -5.87785252292473 -17.5
v -7.913380320007296 -5.87785252292473 -18.31795908799203
v -8.045851146309165 -5.87785252292473 -19.154346968205708
v -8.090169943749475 -5.87785252292473 -20.0
v -8.045851146309165 -5.87785252292473 -20.845653031794292
v -7.913380320007296 -5.87785252292473 -21.682040912007967
v -7.694208842938133 -5.87785252292473 -22.500000000000004
v -7.39073800366903 -5.87785252292473 -23.290568564833393
v -7.006292692220367 -5.87785252292473 -24.045084971874736
v -6.545084971874738 -5.87785252292473 -24.755282581475768
v -6.012167930930164 -5.87785252292473 -25.413380320007295
v -5.413380320007298 -5.87785252292473 -26.01216793093016
v -4.755282581475769 -5.87785252292473 -26.545084971874736
v -4.045084971874741 -5.87785252292473 -27.006292692220367
v -3.2905685648333955 -5.87785252292473 -27.39073800366903
v -2.5000000000000013 -5.87785252292473 -27.69420884293813
v -1.6820409120079738 -5.87785252292473 -27.913380320007295
v -0.8456530317942973 -5.87785252292473 -28.045851146309165
v -1.4861401089256374e-15 -5.87785252292473 -28.090169943749473
v 0.8456530317942943 -5.87785252292473 -28.045851146309165
v 1.682040912007971 -5.87785252292473 -27.913380320007295
v 2.4999999999999987 -5.87785252292473 -27.694208842938135
v 3.290568564833393 -5.87785252292473 -27.39073800366903
v 4.045084971874738 -5.87785252292473 -27.006292692220367
v 4.755282581475766 -5.87785252292473 -26.545084971874736
v 5.413380320007298 -5.87785252292473 -26.01216793093016
v 6.012167930930159 -5.87785252292473 -25.4133803200073
v 6.545084971874736 -5.87785252292473 -24.755282581475768
v 7.006292692220366 -5.87785252292473 -24.04508497187474
v 7.390738003669029 -5.87785252292473 -23.290568564833396
v 7.694208842938133 -5.87785252292473 -22.5
v 7.913380320007295 -5.87785252292473 -21.682040912007974
v 8.045851146309165 -5.87785252292473 -20.8456530317943
v 7.77145961456971 -6.293203910498373 -20.0
v 7.7288867456598584 -6.293203910498373 -19.1876612691424
v 7.601634576191028 -6.293203910498373 -18.38422269141288
v 7.391097307561145 -6.293203910498373 -17.59848690799938
v 7.099581630143076 -6.293203910498373 -16.839062604570763
v 6.730281450702192 -6.293203910498373 -16.114270192715146
v 6.2872428992854745 -6.293203910498373 -15.432050649769376
v 5.775319998974025 -6.293203910498373 -14.799878515809592
v 5.200121484190409 -6.293203910498373 -14.224680001025977
v 4.567949350230623 -6.293203910498373 -13.712757100714526
v 3.885729807284856 -6.293203910498373 -13.26971854929781
v 3.1609373954292375 -6.293203910498373 -12.900418369856924
v 2.401513092000619 -6.293203910498373 -12.608902692438855
v 1.6157773085871199 -6.293203910498373 -12.398365423808972
v 0.8123387308576022 -6.293203910498373 -12.271113254340142
v 4.758646570842859e-16 -6.293203910498373 -12.22854038543029
v -0.8123387308576012 -6.293203910498373 -12.27111325434014
v -1.615777308587119 -6.293203910498373 -12.398365423808972
v -2.4015130920006187 -6.293203910498373 -12.608902692438853
v -3.160937395429235 -6.293203910498373 -12.900418369856922
v -3.885729807284853 -6.293203910498373 -13.269718549297808
v -4.567949350230622 -6.293203910498373 -13.712757100714526
v -5.200121484190406 -6.293203910498373 -14.224680001025973
v -5.775319998974026 -6.293203910498373 -14.799878515809592
v -6.287242899285474 -6.293203910498373 -15.432050649769376
v -6.730281450702192 -6.293203910498373 -16.114270192715146
v -7.099581630143077 -6.293203910498373 -16.839062604570763
v -7.391097307561145 -6.293203910498373 -17.59848690799938
v -7.601634576191028 -6.293203910498373 -18.38422269141288
v -7.7288867456598584 -6.293203910498373 -19.187661269142396
v -7.77145961456971 -6.293203910498373 -20.0
v -7.7288867456598584 -6.293203910498373 -20.812338730857604
v -7.601634576191028 -6.293203910498373 -21.61577730858712
v -7.391097307561145 -6.293203910498373 -22.40151309200062
v -7.099581630143078 -6.293203910498373 -23.160937395429233
v -6.730281450702191 -6.293203910498373 -23.885729807284857
v -6.287242899285475 -6.293203910498373 -24.56794935023062
v -5.775319998974025 -6.293203910498373 -25.200121484190408
v -5.200121484190411 -6.293203910498373 -25.775319998974023
v -4.567949350230624 -6.293203910498373 -26.287242899285474
v -3.8857298072848585 -6.293203910498373 -26.73028145070219
v -3.1609373954292352 -6.293203910498373 -27.099581630143078
v -2.40151309200062 -6.293203910498373 -27.391097307561147
v -1.615777308587124 -6.293203910498373 -27.601634576191028
v -0.8123387308576082 -6.293203910498373 -27.728886745659857
v -1.4275939712528577e-15 -6.293203910498373 -27.77145961456971
v 0.8123387308576054 -6.293203910498373 -27.728886745659857
v 1.6157773085871214 -6.293203910498373 -27.601634576191028
v 2.401513092000618 -6.293203910498373 -27.391097307561147
v 3.1609373954292326 -6.293203910498373 -27.099581630143078
v 3.885729807284856 -6.293203910498373 -26.73028145070219
v 4.567949350230621 -6.293203910498373 -26.287242899285474
v 5.200121484190411 -6.293203910498373 -25.775319998974023
v 5.7753199989740205 -6.293203910498373 -25.20012148419041
v 6.287242899285474 -6.293203910498373 -24.567949350230624
v 6.730281450702189 -6.293203910498373 -23.885729807284857
v 7.099581630143077 -6.293203910498373 -23.160937395429237
v 7.391097307561145 -6.293203910498373 -22.40151309200062
v 7.601634576191027 -6.293203910498373 -21.615777308587123
v 7.7288867456598584 -6.293203910498373 -20.812338730857608
v 7.431448254773945 -6.691306063588579 -20.0
v 7.39073800366903 -6.691306063588579 -19.223202134075393
v 7.269053280384561 -6.691306063588579 -18.454915028125264
v 7.067727288213006 -6.691306063588579 -17.70355619645681
v 6.788965796854771 -6.691306063588579 -16.977357683661733
v 6.4358229755437675 -6.691306063588579 -16.28427587261303
v 6.012167930930166 -6.691306063588579 -15.631904312669239
v 5.522642316338269 -6.691306063588579 -15.027390523158632
v 4.9726094768413684 -6.691306063588579 -14.477357683661731
v 4.368095687330762 -6.691306063588579 -13.987832069069835
v 3.715724127386973 -6.691306063588579 -13.564177024456233
v 3.0226423163382696 -6.691306063588579 -13.211034203145228
v 2.2964438035431933 -6.691306063588579 -12.932272711786993
v 1.5450849718747368 -6.691306063588579 -12.730946719615439
v 0.7767978659246056 -6.691306063588579 -12.60926199633097
v 4.550449659119048e-16 -6.691306063588579 -12.568551745226056
v -0.7767978659246048 -6.691306063588579 -12.609261996330968
v -1.545084971874736 -6.691306063588579 -12.730946719615439
v -2.2964438035431924 -6.691306063588579 -12.932272711786993
v -3.022642316338267 -6.691306063588579 -13.211034203145228
v -3.7157241273869706 -6.691306063588579 -13.564177024456232
v -4.3680956873307615 -6.691306063588579 -13.987832069069835
v -4.972609476841366 -6.691306063588579 -14.47735768366173
v -5.52264231633827 -6.691306063588579 -15.027390523158633
v -6.012167930930165 -6.691306063588579 -15.631904312669237
v -6.4358229755437675 -6.691306063588579 -16.28427587261303
v -6.788965796854772 -6.691306063588579 -16.977357683661733
v -7.067727288213006 -6.691306063588579 -17.703556196456805
v -7.269053280384561 -6.691306063588579 -18.454915028125264
v -7.39073800366903 -6.691306063588579 -19.223202134075393
v -7.431448254773945 -6.691306063588579 -20.0
v -7.39073800366903 -6.691306063588579 -20.776797865924607
v -7.269053280384561 -6.691306063588579 -21.545084971874736
v -7.067727288213006 -6.691306063588579 -22.296443803543195
v -6.7889657968547725 -6.691306063588579 -23.022642316338267
v -6.435822975543767 -6.691306063588579 -23.715724127386974
v -6.0121679309301665 -6.691306063588579 -24.36809568733076
v -5.522642316338269 -6.691306063588579 -24.97260947684137
v -4.97260947684137 -6.691306063588579 -25.522642316338267
v -4.368095687330763 -6.691306063588579 -26.012167930930165
v -3.7157241273869754 -6.691306063588579 -26.435822975543765
v -3.0226423163382674 -6.691306063588579 -26.78896579685477
v -2.2964438035431938 -6.691306063588579 -27.067727288213007
v -1.545084971874741 -6.691306063588579 -27.26905328038456
v -0.7767978659246114 -6.691306063588579 -27.39073800366903
v -1.3651348977357143e-15 -6.691306063588579 -27.431448254773944
v 0.7767978659246088 -6.691306063588579 -27.39073800366903
v 1.5450849718747384 -6.691306063588579 -27.26905328038456
v 2.2964438035431916 -6.691306063588579 -27.067727288213007
v 3.022642316338265 -6.691306063588579 -26.78896579685477
v 3.715724127386973 -6.691306063588579 -26.435822975543765
v 4.368095687330761 -6.691306063588579 -26.01216793093017
v 4.97260947684137 -6.691306063588579 -25.522642316338267
v 5.522642316338265 -6.691306063588579 -24.972609476841374
v 6.012167930930165 -6.691306063588579 -24.368095687330765
v 6.435822975543766 -6.691306063588579 -23.715724127386977
v 6.788965796854772 -6.691306063588579 -23.022642316338267
v 7.067727288213006 -6.691306063588579 -22.296443803543195
v 7.2690532803845604 -6.691306063588579 -21.54508497187474
v 7.39073800366903 -6.691306063588579 -20.77679786592461
v 7.0710678118654755 -7.071067811865475 -20.0
v 7.032331762534041 -7.071067811865475 -19.26087214796433
v 6.916548014802256 -7.071067811865475 -18.529842335348015
v 6.724985119639573 -7.071067811865475 -17.814919877755894
v 6.45974188021251 -7.071067811865475 -17.123937615240493
v 6.123724356957946 -7.071067811865475 -16.464466094067262
v 5.720614028176843 -7.071067811865475 -15.843730622225465
v 5.254827454987589 -7.071067811865475 -15.26853210744185
v 4.73146789255815 -7.071067811865475 -14.745172545012412
v 4.156269377774534 -7.071067811865475 -14.279385971823157
v 3.5355339059327386 -7.071067811865475 -13.876275643042055
v 2.876062384759509 -7.071067811865475 -13.54025811978749
v 2.1850801222441056 -7.071067811865475 -13.275014880360427
v 1.470157664651984 -7.071067811865475 -13.083451985197744
v 0.7391278520356671 -7.071067811865475 -12.967668237465958
v 4.3297802811774667e-16 -7.071067811865475 -12.928932188134524
v -0.7391278520356662 -7.071067811865475 -12.967668237465958
v -1.4701576646519832 -7.071067811865475 -13.083451985197744
v -2.1850801222441047 -7.071067811865475 -13.275014880360427
v -2.876062384759506 -7.071067811865475 -13.540258119787488
v -3.535533905932736 -7.071067811865475 -13.876275643042053
v -4.156269377774533 -7.071067811865475 -14.279385971823157
v -4.731467892558149 -7.071067811865475 -14.745172545012409
v -5.2548274549875895 -7.071067811865475 -15.268532107441851
v -5.7206140281768425 -7.071067811865475 -15.843730622225465
v -6.123724356957946 -7.071067811865475 -16.464466094067262
v -6.459741880212511 -7.071067811865475 -17.123937615240493
v -6.724985119639573 -7.071067811865475 -17.814919877755894
v -6.916548014802256 -7.071067811865475 -18.529842335348015
v -7.032331762534041 -7.071067811865475 -19.26087214796433
v -7.0710678118654755 -7.071067811865475 -20.0
v -7.032331762534041 -7.071067811865475 -20.73912785203567
v -6.916548014802256 -7.071067811865475 -21.470157664651982
v -6.724985119639573 -7.071067811865475 -22.18508012224411
v -6.459741880212512 -7.071067811865475 -22.876062384759503
v -6.123724356957945 -7.071067811865475 -23.535533905932738
v -5.720614028176844 -7.071067811865475 -24.156269377774535
v -5.254827454987589 -7.071067811865475 -24.73146789255815
v -4.731467892558152 -7.071067811865475 -25.254827454987588
v -4.156269377774535 -7.071067811865475 -25.720614028176843
v -3.535533905932741 -7.071067811865475 -26.123724356957943
v -2.8760623847595066 -7.071067811865475 -26.459741880212512
v -2.1850801222441065 -7.071067811865475 -26.724985119639573
v -1.470157664651988 -7.071067811865475 -26.916548014802256
v -0.7391278520356726 -7.071067811865475 -27.032331762534042
v -1.29893408435324e-15 -7.071067811865475 -27.071067811865476
v 0.73912785203567 -7.071067811865475 -27.032331762534042
v 1.4701576646519854 -7.071067811865475 -26.916548014802256
v 2.185080122244104 -7.071067811865475 -26.724985119639573
v 2.8760623847595044 -7.071067811865475 -26.459741880212512
v 3.5355339059327386 -7.071067811865475 -26.123724356957943
v 4.1562693777745325 -7.071067811865475 -25.720614028176843
v 4.731467892558152 -7.071067811865475 -25.254827454987588
v 5.254827454987585 -7.071067811865475 -24.731467892558154
v 5.7206140281768425 -7.071067811865475 -24.156269377774535
v 6.123724356957943 -7.071067811865475 -23.53553390593274
v 6.459741880212511 -7.071067811865475 -22.876062384759507
v 6.724985119639573 -7.071067811865475 -22.185080122244106
v 6.916548014802255 -7.071067811865475 -21.47015766465199
v 7.032331762534041 -7.071067811865475 -20.739127852035672
v 6.691306063588581 -7.431448254773944 -20.0
v 6.654650388849335 -7.431448254773944 -19.300568059919556
v 6.545084971874736 -7.431448254773944 -18.608799242540172
v 6.363810234301193 -7.431448254773944 -17.932272711786997
v 6.11281226008774 -7.431448254773944 -17.278400633903235
v 5.794841035564564 -7.431448254773944 -16.65434696820571
v 5.4133803200072945 -7.431448254773944 -16.06694897724743
v 4.972609476841366 -7.431448254773944 -15.522642316338267
v 4.477357683661732 -7.431448254773944 -15.027390523158635
v 3.933051022752569 -7.431448254773944 -14.586619679992705
v 3.345653031794291 -7.431448254773944 -14.205158964435437
v 2.7215993660967674 -7.431448254773944 -13.88718773991226
v 2.067727288213004 -7.431448254773944 -13.636189765698807
v 1.3912007574598266 -7.431448254773944 -13.454915028125264
v 0.6994319400804458 -7.431448254773944 -13.345349611150665
v 4.0972432764445156e-16 -7.431448254773944 -13.30869393641142
v -0.699431940080445 -7.431448254773944 -13.345349611150663
v -1.3912007574598257 -7.431448254773944 -13.454915028125264
v -2.0677272882130033 -7.431448254773944 -13.636189765698806
v -2.7215993660967652 -7.431448254773944 -13.88718773991226
v -3.345653031794289 -7.431448254773944 -14.205158964435437
v -3.9330510227525686 -7.431448254773944 -14.586619679992705
v -4.4773576836617295 -7.431448254773944 -15.027390523158633
v -4.972609476841367 -7.431448254773944 -15.52264231633827
v -5.413380320007294 -7.431448254773944 -16.06694897724743
v -5.794841035564564 -7.431448254773944 -16.65434696820571
v -6.112812260087741 -7.431448254773944 -17.278400633903235
v -6.363810234301193 -7.431448254773944 -17.932272711786997
v -6.545084971874736 -7.431448254773944 -18.608799242540172
v -6.654650388849335 -7.431448254773944 -19.300568059919552
v -6.691306063588581 -7.431448254773944 -20.0
v -6.654650388849335 -7.431448254773944 -20.699431940080444
v -6.545084971874736 -7.431448254773944 -21.391200757459824
v -6.363810234301193 -7.431448254773944 -22.067727288213007
v -6.1128122600877415 -7.431448254773944 -22.721599366096765
v -5.794841035564563 -7.431448254773944 -23.345653031794292
v -5.413380320007295 -7.431448254773944 -23.93305102275257
v -4.972609476841366 -7.431448254773944 -24.477357683661733
v -4.477357683661733 -7.431448254773944 -24.972609476841363
v -3.93305102275257 -7.431448254773944 -25.413380320007292
v -3.3456530317942934 -7.431448254773944 -25.79484103556456
v -2.7215993660967657 -7.431448254773944 -26.11281226008774
v -2.067727288213005 -7.431448254773944 -26.36381023430119
v -1.3912007574598302 -7.431448254773944 -26.545084971874736
v -0.699431940080451 -7.431448254773944 -26.654650388849333
v -1.2291729829333545e-15 -7.431448254773944 -26.69130606358858
v 0.6994319400804486 -7.431448254773944 -26.654650388849333
v 1.391200757459828 -7.431448254773944 -26.545084971874736
v 2.067727288213003 -7.431448254773944 -26.363810234301194
v 2.721599366096763 -7.431448254773944 -26.112812260087743
v 3.345653031794291 -7.431448254773944 -25.794841035564563
v 3.9330510227525677 -7.431448254773944 -25.413380320007295
v 4.477357683661733 -7.431448254773944 -24.972609476841363
v 4.972609476841362 -7.431448254773944 -24.477357683661737
v 5.413380320007294 -7.431448254773944 -23.933051022752572
v 5.794841035564561 -7.431448254773944 -23.345653031794292
v 6.112812260087741 -7.431448254773944 -22.721599366096765
v 6.363810234301193 -7.431448254773944 -22.067727288213007
v 6.5450849718747355 -7.431448254773944 -21.39120075745983
v 6.654650388849335 -7.431448254773944 -20.69943194008045
v 6.293203910498374 -7.771459614569709 -20.0
v 6.258729081007872 -7.771459614569709 -19.34218106620562
v 6.155682305982588 -7.771459614569709 -18.69156933430735
v 5.9851925874536205 -7.771459614569709 -18.055293042589128
v 5.749127846454442 -7.771459614569709 -17.440323367252393
v 5.450074457687163 -7.771459614569709 -16.853398044750815
v 5.09130891266006 -7.771459614569709 -16.300947551739736
v 4.676761921760969 -7.771459614569709 -15.789024651428285
v 4.210975348571715 -7.771459614569709 -15.323238078239033
v 3.699052448260265 -7.771459614569709 -14.908691087339939
v 3.1466019552491877 -7.771459614569709 -14.549925542312838
v 2.559676632747608 -7.771459614569709 -14.250872153545558
v 1.9447069574108733 -7.771459614569709 -14.014807412546379
v 1.3084306656926512 -7.771459614569709 -13.844317694017413
v 0.6578189337943824 -7.771459614569709 -13.741270918992129
v 3.8534760126867197e-16 -7.771459614569709 -13.706796089501626
v -0.6578189337943816 -7.771459614569709 -13.741270918992129
v -1.3084306656926505 -7.771459614569709 -13.844317694017413
v -1.9447069574108726 -7.771459614569709 -14.014807412546379
v -2.559676632747606 -7.771459614569709 -14.250872153545558
v -3.1466019552491855 -7.771459614569709 -14.549925542312838
v -3.6990524482602645 -7.771459614569709 -14.908691087339939
v -4.210975348571712 -7.771459614569709 -15.32323807823903
v -4.67676192176097 -7.771459614569709 -15.789024651428287
v -5.091308912660059 -7.771459614569709 -16.300947551739736
v -5.450074457687163 -7.771459614569709 -16.853398044750815
v -5.749127846454443 -7.771459614569709 -17.440323367252393
v -5.9851925874536205 -7.771459614569709 -18.055293042589128
v -6.155682305982588 -7.771459614569709 -18.69156933430735
v -6.258729081007872 -7.771459614569709 -19.342181066205615
v -6.293203910498374 -7.771459614569709 -20.0
v -6.258729081007872 -7.771459614569709 -20.65781893379438
v -6.155682305982588 -7.771459614569709 -21.30843066569265
v -5.9851925874536205 -7.771459614569709 -21.944706957410876
v -5.749127846454444 -7.771459614569709 -22.559676632747603
v -5.450074457687162 -7.771459614569709 -23.14660195524919
v -5.091308912660061 -7.771459614569709 -23.699052448260264
v -4.676761921760969 -7.771459614569709 -24.210975348571715
v -4.210975348571716 -7.771459614569709 -24.676761921760967
v -3.699052448260266 -7.771459614569709 -25.09130891266006
v -3.1466019552491895 -7.771459614569709 -25.450074457687162
v -2.5596766327476064 -7.771459614569709 -25.749127846454442
v -1.944706957410874 -7.771459614569709 -25.98519258745362
v -1.3084306656926548 -7.771459614569709 -26.155682305982587
v -0.6578189337943873 -7.771459614569709 -26.25872908100787
v -1.1560428038060159e-15 -7.771459614569709 -26.293203910498374
v 0.6578189337943849 -7.771459614569709 -26.25872908100787
v 1.3084306656926525 -7.771459614569709 -26.155682305982587
v 1.9447069574108717 -7.771459614569709 -25.98519258745362
v 2.559676632747604 -7.771459614569709 -25.749127846454442
v 3.1466019552491877 -7.771459614569709 -25.450074457687162
v 3.6990524482602636 -7.771459614569709 -25.09130891266006
v 4.210975348571716 -7.771459614569709 -24.676761921760967
v 4.676761921760965 -7.771459614569709 -24.21097534857172
v 5.091308912660059 -7.771459614569709 -23.699052448260268
v 5.450074457687161 -7.771459614569709 -23.14660195524919
v 5.749127846454443 -7.771459614569709 -22.559676632747607
v 5.9851925874536205 -7.771459614569709 -21.944706957410876
v 6.155682305982587 -7.771459614569709 -21.308430665692654
v 6.258729081007872 -7.771459614569709 -20.65781893379439
v 5.877852522924733 -8.090169943749473 -20.0
v 5.845653031794292 -8.090169943749473 -19.38559710846478
v 5.7494073427659735 -8.090169943749473 -18.777925743581285
v 5.590169943749475 -8.090169943749473 -18.1836436799866
v 5.369685473010991 -8.090169943749473 -17.60926199633097
v 5.090369604551274 -8.090169943749473 -17.061073738537633
v 4.755282581475769 -8.090169943749473 -16.545084971874736
v 4.368095687330762 -8.090169943749473 -16.066948977247428
v 3.9330510227525712 -8.090169943749473 -15.631904312669239
v 3.4549150281252636 -8.090169943749473 -15.244717418524232
v 2.938926261462367 -8.090169943749473 -14.909630395448726
v 2.3907380036690298 -8.090169943749473 -14.63031452698901
v 1.8163563200134027 -8.090169943749473 -14.409830056250524
v 1.222074256418713 -8.090169943749473 -14.250592657234026
v 0.6144028915352221 -8.090169943749473 -14.154346968205708
v 3.599146639029984e-16 -8.090169943749473 -14.122147477075266
v -0.6144028915352214 -8.090169943749473 -14.154346968205708
v -1.2220742564187124 -8.090169943749473 -14.250592657234026
v -1.816356320013402 -8.090169943749473 -14.409830056250524
v -2.390738003669028 -8.090169943749473 -14.630314526989007
v -2.938926261462365 -8.090169943749473 -14.909630395448726
v -3.454915028125263 -8.090169943749473 -15.244717418524232
v -3.933051022752569 -8.090169943749473 -15.631904312669237
v -4.368095687330762 -8.090169943749473 -16.06694897724743
v -4.755282581475768 -8.090169943749473 -16.545084971874736
v -5.090369604551274 -8.090169943749473 -17.061073738537633
v -5.369685473010992 -8.090169943749473 -17.60926199633097
v -5.590169943749475 -8.090169943749473 -18.183643679986595
v -5.7494073427659735 -8.090169943749473 -18.777925743581285
v -5.845653031794292 -8.090169943749473 -19.385597108464776
v -5.877852522924733 -8.090169943749473 -20.0
v -5.845653031794292 -8.090169943749473 -20.61440289153522
v -5.7494073427659735 -8.090169943749473 -21.22207425641871
v -5.590169943749475 -8.090169943749473 -21.816356320013405
v -5.369685473010993 -8.090169943749473 -22.39073800366903
v -5.090369604551273 -8.090169943749473 -22.938926261462367
v -4.75528258147577 -8.090169943749473 -23.454915028125264
v -4.368095687330762 -8.090169943749473 -23.933051022752572
v -3.9330510227525726 -8.090169943749473 -24.36809568733076
v -3.4549150281252645 -8.090169943749473 -24.755282581475768
v -2.938926261462369 -8.090169943749473 -25.09036960455127
v -2.390738003669028 -8.090169943749473 -25.369685473010993
v -1.8163563200134034 -8.090169943749473 -25.590169943749476
v -1.2220742564187164 -8.090169943749473 -25.749407342765974
v -0.6144028915352266 -8.090169943749473 -25.845653031794292
v -1.0797439917089951e-15 -8.090169943749473 -25.877852522924734
v 0.6144028915352245 -8.090169943749473 -25.845653031794292
v 1.2220742564187141 -8.090169943749473 -25.749407342765974
v 1.8163563200134014 -8.090169943749473 -25.590169943749476
v 2.3907380036690262 -8.090169943749473 -25.369685473010993
v 2.938926261462367 -8.090169943749473 -25.090369604551274
v 3.4549150281252623 -8.090169943749473 -24.755282581475768
v 3.9330510227525726 -8.090169943749473 -24.36809568733076
v 4.368095687330759 -8.090169943749473 -23.933051022752576
v 4.755282581475768 -8.090169943749473 -23.454915028125264
v 5.090369604551271 -8.090169943749473 -22.93892626146237
v 5.369685473010992 -8.090169943749473 -22.39073800366903
v 5.590169943749475 -8.090169943749473 -21.816356320013405
v 5.7494073427659735 -8.090169943749473 -21.22207425641872
v 5.845653031794292 -8.090169943749473 -20.614402891535228
v 5.446390350150273 -8.38670567945424 -20.0
v 5.416554453946923 -8.38670567945424 -19.430697186343014
v 5.327373653659242 -8.38670567945424 -18.86763177344673
v 5.17982503279746 -8.38670567945424 -18.316972823803845
v 4.975525164928277 -8.38670567945424 -17.784753472099446
v 4.716712402156561 -8.38670567945424 -17.276804824924863
v 4.406222351271292 -8.38670567945424 -16.79869207395363
v 4.047456806244189 -8.38670567945424 -16.35565352253691
v 3.6443464774630865 -8.38670567945424 -15.952543193755812
v 3.2013079260463697 -8.38670567945424 -15.593777648728707
v 2.723195175075137 -8.38670567945424 -15.28328759784344
v 2.2152465279005553 -8.38670567945424 -15.024474835071723
v 1.683027176196155 -8.38670567945424 -14.82017496720254
v 1.132368226553271 -8.38670567945424 -14.672626346340758
v 0.5693028136569851 -8.38670567945424 -14.583445546053078
v 3.3349522546092824e-16 -8.38670567945424 -14.553609649849726
v -0.5693028136569844 -8.38670567945424 -14.583445546053076
v -1.1323682265532704 -8.38670567945424 -14.672626346340758
v -1.6830271761961544 -8.38670567945424 -14.82017496720254
v -2.215246527900553 -8.38670567945424 -15.024474835071722
v -2.7231951750751353 -8.38670567945424 -15.28328759784344
v -3.201307926046369 -8.38670567945424 -15.593777648728707
v -3.6443464774630847 -8.38670567945424 -15.95254319375581
v -4.047456806244189 -8.38670567945424 -16.355653522536915
v -4.406222351271291 -8.38670567945424 -16.79869207395363
v -4.716712402156561 -8.38670567945424 -17.276804824924863
v -4.9755251649282775 -8.38670567945424 -17.784753472099446
v -5.17982503279746 -8.38670567945424 -18.316972823803845
v -5.327373653659242 -8.38670567945424 -18.86763177344673
v -5.416554453946923 -8.38670567945424 -19.430697186343014
v -5.446390350150273 -8.38670567945424 -20.0
v -5.416554453946923 -8.38670567945424 -20.569302813656986
v -5.327373653659242 -8.38670567945424 -21.13236822655327
v -5.17982503279746 -8.38670567945424 -21.683027176196155
v -4.9755251649282775 -8.38670567945424 -22.215246527900554
v -4.716712402156561 -8.38670567945424 -22.723195175075137
v -4.406222351271293 -8.38670567945424 -23.20130792604637
v -4.047456806244189 -8.38670567945424 -23.64434647746309
v -3.644346477463088 -8.38670567945424 -24.04745680624419
v -3.20130792604637 -8.38670567945424 -24.40622235127129
v -2.723195175075139 -8.38670567945424 -24.71671240215656
v -2.2152465279005535 -8.38670567945424 -24.97552516492828
v -1.6830271761961557 -8.38670567945424 -25.17982503279746
v -1.1323682265532742 -8.38670567945424 -25.32737365365924
v -0.5693028136569893 -8.38670567945424 -25.416554453946922
v -1.0004856763827846e-15 -8.38670567945424 -25.446390350150274
v 0.5693028136569873 -8.38670567945424 -25.416554453946922
v 1.1323682265532722 -8.38670567945424 -25.32737365365924
v 1.683027176196154 -8.38670567945424 -25.17982503279746
v 2.2152465279005518 -8.38670567945424 -24.97552516492828
v 2.723195175075137 -8.38670567945424 -24.71671240215656
v 3.2013079260463684 -8.38670567945424 -24.406222351271293
v 3.644346477463088 -8.38670567945424 -24.04745680624419
v 4.047456806244186 -8.38670567945424 -23.64434647746309
v 4.406222351271291 -8.38670567945424 -23.201307926046372
v 4.716712402156559 -8.38670567945424 -22.72319517507514
v 4.9755251649282775 -8.38670567945424 -22.215246527900554
v 5.17982503279746 -8.38670567945424 -21.683027176196155
v 5.327373653659241 -8.38670567945424 -21.132368226553275
v 5.416554453946923 -8.38670567945424 -20.56930281365699
v 4.999999999999999 -8.660254037844387 -20.0
v 4.972609476841366 -8.660254037844387 -19.477357683661733
v 4.890738003669028 -8.660254037844387 -18.960441545911202
v 4.755282581475766 -8.660254037844387 -18.454915028125264
v 4.567727288213003 -8.660254037844387 -17.966316784621
v 4.330127018922193 -8.660254037844387 -17.5
v 4.045084971874736 -8.660254037844387 -17.061073738537637
v 3.7157241273869706 -8.660254037844387 -16.654346968205708
v 3.3456530317942907 -8.660254037844387 -16.28427587261303
v 2.938926261462365 -8.660254037844387 -15.954915028125264
v 2.5 -8.660254037844387 -15.669872981077809
v 2.0336832153790017 -8.660254037844387 -15.432272711786997
v 1.545084971874737 -8.660254037844387 -15.244717418524234
v 1.0395584540887959 -8.660254037844387 -15.109261996330972
v 0.5226423163382672 -8.660254037844387 -15.027390523158633
v 3.0616169978683826e-16 -8.660254037844387 -15.0
v -0.5226423163382665 -8.660254037844387 -15.027390523158633
v -1.0395584540887954 -8.660254037844387 -15.109261996330972
v -1.5450849718747364 -8.660254037844387 -15.244717418524232
v -2.033683215379 -8.660254037844387 -15.432272711786997
v -2.4999999999999987 -8.660254037844387 -15.669872981077807
v -2.9389262614623646 -8.660254037844387 -15.954915028125264
v -3.345653031794289 -8.660254037844387 -16.28427587261303
v -3.715724127386971 -8.660254037844387 -16.65434696820571
v -4.045084971874736 -8.660254037844387 -17.061073738537633
v -4.330127018922193 -8.660254037844387 -17.5
v -4.567727288213004 -8.660254037844387 -17.966316784621
v -4.755282581475766 -8.660254037844387 -18.454915028125264
v -4.890738003669028 -8.660254037844387 -18.960441545911202
v -4.972609476841366 -8.660254037844387 -19.477357683661733
v -4.999999999999999 -8.660254037844387 -20.0
v -4.972609476841366 -8.660254037844387 -20.522642316338267
v -4.890738003669028 -8.660254037844387 -21.039558454088795
v -4.755282581475766 -8.660254037844387 -21.54508497187474
v -4.567727288213004 -8.660254037844387 -22.033683215379
v -4.330127018922192 -8.660254037844387 -22.5
v -4.045084971874737 -8.660254037844387 -22.938926261462363
v -3.7157241273869706 -8.660254037844387 -23.345653031794292
v -3.3456530317942916 -8.660254037844387 -23.71572412738697
v -2.938926261462366 -8.660254037844387 -24.045084971874736
v -2.5000000000000018 -8.660254037844387 -24.33012701892219
v -2.0336832153790003 -8.660254037844387 -24.567727288213003
v -1.5450849718747375 -8.660254037844387 -24.755282581475768
v -1.0395584540887988 -8.660254037844387 -24.89073800366903
v -0.5226423163382711 -8.660254037844387 -24.972609476841367
v -9.184850993605146e-16 -8.660254037844387 -25.0
v 0.5226423163382693 -8.660254037844387 -24.972609476841367
v 1.039558454088797 -8.660254037844387 -24.89073800366903
v 1.545084971874736 -8.660254037844387 -24.755282581475768
v 2.0336832153789985 -8.660254037844387 -24.567727288213003
v 2.5 -8.660254037844387 -24.33012701892219
v 2.938926261462364 -8.660254037844387 -24.045084971874736
v 3.3456530317942916 -8.660254037844387 -23.71572412738697
v 3.715724127386968 -8.660254037844387 -23.345653031794292
v 4.045084971874736 -8.660254037844387 -22.938926261462367
v 4.330127018922191 -8.660254037844387 -22.5
v 4.567727288213004 -8.660254037844387 -22.033683215379
v 4.755282581475766 -8.660254037844387 -21.545084971874736
v 4.890738003669027 -8.660254037844387 -21.039558454088798
v 4.972609476841366 -8.660254037844387 -20.52264231633827
v 4.539904997395468 -8.910065241883679 -20.0
v 4.515034922801637 -8.910065241883679 -19.525450707241113
v 4.440697180761791 -8.910065241883679 -19.056100675839513
v 4.317706231133892 -8.910065241883679 -18.59709220295705
v 4.147409588499574 -8.910065241883679 -18.153454281476318
v 3.9316730585124016 -8.910065241883679 -17.730047501302266
v 3.6728602957406853 -8.910065241883679 -17.331510795722046
v 3.3738069069734054 -8.910065241883679 -16.96221061628116
v 3.0377893837188403 -8.910065241883679 -16.626193093026593
v 2.668489204277955 -8.910065241883679 -16.327139704259316
v 2.2699524986977346 -8.910065241883679 -16.068326941487598
v 1.846545718523683 -8.910065241883679 -15.852590411500426
v 1.4029077970429513 -8.910065241883679 -15.682293768866108
v 0.9438993241604866 -8.910065241883679 -15.559302819238209
v 0.4745492927588886 -8.910065241883679 -15.484965077198364
v 2.7798900617467166e-16 -8.910065241883679 -15.460095002604533
v -0.474549292758888 -8.910065241883679 -15.484965077198362
v -0.9438993241604862 -8.910065241883679 -15.559302819238209
v -1.4029077970429509 -8.910065241883679 -15.682293768866106
v -1.8465457185236815 -8.910065241883679 -15.852590411500426
v -2.2699524986977333 -8.910065241883679 -16.068326941487598
v -2.6684892042779547 -8.910065241883679 -16.327139704259316
v -3.037789383718839 -8.910065241883679 -16.626193093026593
v -3.373806906973406 -8.910065241883679 -16.962210616281162
v -3.672860295740685 -8.910065241883679 -17.331510795722046
v -3.9316730585124016 -8.910065241883679 -17.730047501302266
v -4.147409588499574 -8.910065241883679 -18.153454281476318
v -4.317706231133892 -8.910065241883679 -18.59709220295705
v -4.440697180761791 -8.910065241883679 -19.056100675839513
v -4.515034922801637 -8.910065241883679 -19.52545070724111
v -4.539904997395468 -8.910065241883679 -20.0
v -4.515034922801637 -8.910065241883679 -20.474549292758887
v -4.440697180761791 -8.910065241883679 -20.943899324160487
v -4.317706231133892 -8.910065241883679 -21.402907797042953
v -4.147409588499575 -8.910065241883679 -21.84654571852368
v -3.931673058512401 -8.910065241883679 -22.269952498697734
v -3.672860295740686 -8.910065241883679 -22.668489204277954
v -3.3738069069734054 -8.910065241883679 -23.03778938371884
v -3.0377893837188417 -8.910065241883679 -23.373806906973403
v -2.6684892042779556 -8.910065241883679 -23.672860295740684
v -2.2699524986977364 -8.910065241883679 -23.931673058512402
v -1.8465457185236818 -8.910065241883679 -24.147409588499574
v -1.4029077970429518 -8.910065241883679 -24.31770623113389
v -0.9438993241604892 -8.910065241883679 -24.44069718076179
v -0.4745492927588921 -8.910065241883679 -24.515034922801636
v -8.339670185240149e-16 -8.910065241883679 -24.539904997395467
v 0.47454929275889046 -8.910065241883679 -24.515034922801636
v 0.9438993241604875 -8.910065241883679 -24.44069718076179
v 1.4029077970429502 -8.910065241883679 -24.317706231133894
v 1.8465457185236802 -8.910065241883679 -24.147409588499574
v 2.2699524986977346 -8.910065241883679 -23.931673058512402
v 2.6684892042779538 -8.910065241883679 -23.672860295740687
v 3.0377893837188417 -8.910065241883679 -23.373806906973403
v 3.3738069069734027 -8.910065241883679 -23.03778938371884
v 3.672860295740685 -8.910065241883679 -22.668489204277957
v 3.9316730585124002 -8.910065241883679 -22.269952498697737
v 4.147409588499574 -8.910065241883679 -21.846545718523682
v 4.317706231133892 -8.910065241883679 -21.402907797042953
v 4.440697180761791 -8.910065241883679 -20.94389932416049
v 4.515034922801637 -8.910065241883679 -20.474549292758894
v 4.067366430758001 -9.13545457642601 -20.0
v 4.0450849718747355 -9.13545457642601 -19.574844437446426
v 3.9784847155511613 -9.13545457642601 -19.154346968205708
v 3.868295348132557 -9.13545457642601 -18.743114650545603
v 3.7157241273869697 -9.13545457642601 -18.345653031794292
v 3.522442655536469 -9.13545457642601 -17.966316784621
v 3.2905685648333955 -9.13545457642601 -17.60926199633097
v 3.0226423163382665 -9.13545457642601 -17.278400633903235
v 2.721599366096766 -9.13545457642601 -16.977357683661733
v 2.3907380036690276 -9.13545457642601 -16.709431435166604
v 2.0336832153790008 -9.13545457642601 -16.47755734446353
v 1.654346968205709 -9.13545457642601 -16.28427587261303
v 1.2568853494543952 -9.13545457642601 -16.131704651867445
v 0.8456530317942903 -9.13545457642601 -16.02151528444884
v 0.4251555625535744 -9.13545457642601 -15.954915028125264
v 2.49054364019359e-16 -9.13545457642601 -15.932633569242
v -0.4251555625535739 -9.13545457642601 -15.954915028125264
v -0.8456530317942899 -9.13545457642601 -16.02151528444884
v -1.2568853494543948 -9.13545457642601 -16.131704651867445
v -1.6543469682057077 -9.13545457642601 -16.28427587261303
v -2.0336832153789994 -9.13545457642601 -16.47755734446353
v -2.390738003669027 -9.13545457642601 -16.709431435166604
v -2.721599366096765 -9.13545457642601 -16.977357683661733
v -3.022642316338267 -9.13545457642601 -17.278400633903235
v -3.290568564833395 -9.13545457642601 -17.60926199633097
v -3.522442655536469 -9.13545457642601 -17.966316784621
v -3.71572412738697 -9.13545457642601 -18.345653031794292
v -3.868295348132557 -9.13545457642601 -18.743114650545603
v -3.9784847155511613 -9.13545457642601 -19.154346968205708
v -4.0450849718747355 -9.13545457642601 -19.574844437446423
v -4.067366430758001 -9.13545457642601 -20.0
v -4.0450849718747355 -9.13545457642601 -20.425155562553574
v -3.9784847155511613 -9.13545457642601 -20.84565303179429
v -3.868295348132557 -9.13545457642601 -21.256885349454397
v -3.7157241273869706 -9.13545457642601 -21.654346968205708
v -3.5224426555364685 -9.13545457642601 -22.033683215379
v -3.290568564833396 -9.13545457642601 -22.39073800366903
v -3.0226423163382665 -9.13545457642601 -22.721599366096765
v -2.721599366096767 -9.13545457642601 -23.022642316338267
v -2.390738003669028 -9.13545457642601 -23.290568564833396
v -2.033683215379002 -9.13545457642601 -23.522442655536466
v -1.654346968205708 -9.13545457642601 -23.71572412738697
v -1.2568853494543957 -9.13545457642601 -23.868295348132555
v -0.8456530317942926 -9.13545457642601 -23.97848471555116
v -0.42515556255357756 -9.13545457642601 -24.045084971874736
v -7.47163092058077e-16 -9.13545457642601 -24.067366430758
v 0.4251555625535761 -9.13545457642601 -24.045084971874736
v 0.8456530317942911 -9.13545457642601 -23.97848471555116
v 1.2568853494543943 -9.13545457642601 -23.868295348132555
v 1.6543469682057066 -9.13545457642601 -23.71572412738697
v 2.0336832153790008 -9.13545457642601 -23.52244265553647
v 2.3907380036690267 -9.13545457642601 -23.290568564833396
v 2.721599366096767 -9.13545457642601 -23.022642316338267
v 3.022642316338264 -9.13545457642601 -22.72159936609677
v 3.290568564833395 -9.13545457642601 -22.39073800366903
v 3.5224426555364676 -9.13545457642601 -22.033683215379003
v 3.71572412738697 -9.13545457642601 -21.654346968205708
v 3.868295348132557 -9.13545457642601 -21.256885349454397
v 3.978484715551161 -9.13545457642601 -20.845653031794292
v 4.0450849718747355 -9.13545457642601 -20.425155562553577
v 3.5836794954530067 -9.335804264972015 -20.0
v 3.5640477242103414 -9.335804264972015 -19.6254034894965
v 3.505367500276294 -9.335804264972015 -19.25491113675143
v 3.40828173646391 -9.335804264972015 -18.892582133511983
v 3.273854124718022 -9.335804264972015 -18.542386232159867
v 3.1035574820837035 -9.335804264972015 -18.208160252273498
v 2.8992576142145197 -9.335804264972015 -17.893566043629793
v 2.663192873215341 -9.335804264972015 -17.60205036621172
v 2.3979496337882775 -9.335804264972015 -17.33680712678466
v 2.1064339563702084 -9.335804264972015 -17.10074238578548
v 1.7918397477265038 -9.335804264972015 -16.8964425179163
v 1.457613767840134 -9.335804264972015 -16.72614587528198
v 1.1074178664880163 -9.335804264972015 -16.59171826353609
v 0.7450888632485689 -9.335804264972015 -16.494632499723707
v 0.37459651050350246 -9.335804264972015 -16.43595227578966
v 2.1943708116382632e-16 -9.335804264972015 -16.416320504546995
v -0.374596510503502 -9.335804264972015 -16.43595227578966
v -0.7450888632485685 -9.335804264972015 -16.494632499723707
v -1.1074178664880159 -9.335804264972015 -16.59171826353609
v -1.4576137678401329 -9.335804264972015 -16.72614587528198
v -1.7918397477265025 -9.335804264972015 -16.896442517916295
v -2.106433956370208 -9.335804264972015 -17.10074238578548
v -2.397949633788276 -9.335804264972015 -17.33680712678466
v -2.6631928732153414 -9.335804264972015 -17.602050366211724
v -2.899257614214519 -9.335804264972015 -17.89356604362979
v -3.1035574820837035 -9.335804264972015 -18.208160252273498
v -3.273854124718022 -9.335804264972015 -18.542386232159867
v -3.40828173646391 -9.335804264972015 -18.892582133511983
v -3.505367500276294 -9.335804264972015 -19.25491113675143
v -3.5640477242103414 -9.335804264972015 -19.625403489496495
v -3.5836794954530067 -9.335804264972015 -20.0
v -3.5640477242103414 -9.335804264972015 -20.3745965105035
v -3.505367500276294 -9.335804264972015 -20.74508886324857
v -3.40828173646391 -9.335804264972015 -21.107417866488017
v -3.2738541247180226 -9.335804264972015 -21.457613767840133
v -3.103557482083703 -9.335804264972015 -21.791839747726502
v -2.89925761421452 -9.335804264972015 -22.106433956370207
v -2.663192873215341 -9.335804264972015 -22.39794963378828
v -2.3979496337882784 -9.335804264972015 -22.66319287321534
v -2.106433956370209 -9.335804264972015 -22.89925761421452
v -1.791839747726505 -9.335804264972015 -23.1035574820837
v -1.4576137678401329 -9.335804264972015 -23.27385412471802
v -1.1074178664880168 -9.335804264972015 -23.40828173646391
v -0.7450888632485709 -9.335804264972015 -23.505367500276293
v -0.3745965105035053 -9.335804264972015 -23.56404772421034
v -6.58311243491479e-16 -9.335804264972015 -23.583679495453005
v 0.37459651050350395 -9.335804264972015 -23.56404772421034
v 0.7450888632485696 -9.335804264972015 -23.505367500276293
v 1.1074178664880154 -9.335804264972015 -23.40828173646391
v 1.4576137678401317 -9.335804264972015 -23.27385412471802
v 1.7918397477265038 -9.335804264972015 -23.1035574820837
v 2.1064339563702075 -9.335804264972015 -22.89925761421452
v 2.3979496337882784 -9.335804264972015 -22.66319287321534
v 2.6631928732153387 -9.335804264972015 -22.39794963378828
v 2.899257614214519 -9.335804264972015 -22.10643395637021
v 3.1035574820837026 -9.335804264972015 -21.791839747726506
v 3.273854124718022 -9.335804264972015 -21.457613767840133
v 3.40828173646391 -9.335804264972015 -21.107417866488017
v 3.5053675002762934 -9.335804264972015 -20.745088863248572
v 3.5640477242103414 -9.335804264972015 -20.374596510503505
v 3.090169943749475 -9.510565162951535 -20.0
v 3.0732416694677984 -9.510565162951535 -19.676989284543975
v 3.0226423163382683 -9.510565162951535 -19.357517542080828
v 2.9389262614623664 -9.510565162951535 -19.045084971874736
v 2.8230107154560242 -9.510565162951535 -18.743114650545603
v 2.676165673298175 -9.510565162951535 -18.454915028125264
v 2.5000000000000004 -9.510565162951535 -18.1836436799866
v 2.296443803543193 -9.510565162951535 -17.932272711786993
v 2.067727288213005 -9.510565162951535 -17.70355619645681
v 1.8163563200134027 -9.510565162951535 -17.5
v 1.545084971874738 -9.510565162951535 -17.323834326701824
v 1.2568853494543963 -9.510565162951535 -17.176989284543975
v 0.9549150281252632 -9.510565162951535 -17.061073738537633
v 0.6424824579191732 -9.510565162951535 -16.977357683661733
v 0.3230107154560237 -9.510565162951535 -16.926758330532202
v 1.8921833652170756e-16 -9.510565162951535 -16.909830056250524
v -0.32301071545602333 -9.510565162951535 -16.926758330532202
v -0.6424824579191729 -9.510565162951535 -16.977357683661733
v -0.9549150281252629 -9.510565162951535 -17.061073738537633
v -1.2568853494543952 -9.510565162951535 -17.176989284543975
v -1.5450849718747368 -9.510565162951535 -17.323834326701824
v -1.8163563200134023 -9.510565162951535 -17.5
v -2.067727288213004 -9.510565162951535 -17.703556196456805
v -2.296443803543193 -9.510565162951535 -17.932272711786997
v -2.5000000000000004 -9.510565162951535 -18.1836436799866
v -2.676165673298175 -9.510565162951535 -18.454915028125264
v -2.8230107154560247 -9.510565162951535 -18.743114650545603
v -2.9389262614623664 -9.510565162951535 -19.045084971874736
v -3.0226423163382683 -9.510565162951535 -19.357517542080828
v -3.0732416694677984 -9.510565162951535 -19.676989284543975
v -3.090169943749475 -9.510565162951535 -20.0
v -3.0732416694677984 -9.510565162951535 -20.323010715456025
v -3.0226423163382683 -9.510565162951535 -20.642482457919172
v -2.9389262614623664 -9.510565162951535 -20.954915028125264
v -2.823010715456025 -9.510565162951535 -21.256885349454393
v -2.676165673298175 -9.510565162951535 -21.545084971874736
v -2.500000000000001 -9.510565162951535 -21.8163563200134
v -2.296443803543193 -9.510565162951535 -22.067727288213007
v -2.0677272882130056 -9.510565162951535 -22.29644380354319
v -1.816356320013403 -9.510565162951535 -22.5
v -1.5450849718747388 -9.510565162951535 -22.676165673298176
v -1.2568853494543955 -9.510565162951535 -22.823010715456025
v -0.9549150281252635 -9.510565162951535 -22.938926261462367
v -0.642482457919175 -9.510565162951535 -23.022642316338267
v -0.32301071545602617 -9.510565162951535 -23.073241669467798
v -5.676550095651226e-16 -9.510565162951535 -23.090169943749476
v 0.32301071545602505 -9.510565162951535 -23.073241669467798
v 0.6424824579191739 -9.510565162951535 -23.022642316338267
v 0.9549150281252625 -9.510565162951535 -22.938926261462367
v 1.2568853494543943 -9.510565162951535 -22.823010715456025
v 1.545084971874738 -9.510565162951535 -22.676165673298176
v 1.816356320013402 -9.510565162951535 -22.5
v 2.0677272882130056 -9.510565162951535 -22.29644380354319
v 2.296443803543191 -9.510565162951535 -22.067727288213007
v 2.5000000000000004 -9.510565162951535 -21.816356320013405
v 2.6761656732981742 -9.510565162951535 -21.54508497187474
v 2.8230107154560247 -9.510565162951535 -21.256885349454397
v 2.9389262614623664 -9.510565162951535 -20.954915028125264
v 3.022642316338268 -9.510565162951535 -20.642482457919176
v 3.0732416694677984 -9.510565162951535 -20.323010715456025
v 2.58819045102521 -9.659258262890681 -20.0
v 2.574012072927658 -9.659258262890681 -19.72946042951032
v 2.5316322799124555 -9.659258262890681 -19.46188494716897
v 2.4615153938604184 -9.659258262890681 -19.20020516595425
v 2.364429630048035 -9.659258262890681 -18.947288104309166
v 2.2414386804201363 -9.659258262890681 -18.705904774487394
v 2.093890059558355 -9.659258262890681 -18.478699822763176
v 1.923400341029388 -9.659258262890681 -18.268162554133294
v 1.7318374458667056 -9.659258262890681 -18.07659965897061
v 1.5213001772368229 -9.659258262890681 -17.906109940441645
v 1.2940952255126053 -9.659258262890681 -17.758561319579865
v 1.0527118956908357 -9.659258262890681 -17.635570369951964
v 0.79979483404575 -9.659258262890681 -17.538484606139583
v 0.5381150528310303 -9.659258262890681 -17.468367720087546
v 0.2705395704896801 -9.659258262890681 -17.42598792707234
v 1.584809575715884e-16 -9.659258262890681 -17.41180954897479
v -0.2705395704896798 -9.659258262890681 -17.42598792707234
v -0.53811505283103 -9.659258262890681 -17.468367720087546
v -0.7997948340457498 -9.659258262890681 -17.53848460613958
v -1.0527118956908348 -9.659258262890681 -17.635570369951964
v -1.2940952255126044 -9.659258262890681 -17.758561319579865
v -1.5213001772368226 -9.659258262890681 -17.906109940441645
v -1.7318374458667047 -9.659258262890681 -18.07659965897061
v -1.9234003410293883 -9.659258262890681 -18.268162554133294
v -2.0938900595583547 -9.659258262890681 -18.478699822763176
v -2.2414386804201363 -9.659258262890681 -18.705904774487394
v -2.3644296300480354 -9.659258262890681 -18.947288104309166
v -2.4615153938604184 -9.659258262890681 -19.20020516595425
v -2.5316322799124555 -9.659258262890681 -19.46188494716897
v -2.574012072927658 -9.659258262890681 -19.72946042951032
v -2.58819045102521 -9.659258262890681 -20.0
v -2.574012072927658 -9.659258262890681 -20.27053957048968
v -2.5316322799124555 -9.659258262890681 -20.53811505283103
v -2.4615153938604184 -9.659258262890681 -20.799794834045752
v -2.364429630048036 -9.659258262890681 -21.052711895690834
v -2.241438680420136 -9.659258262890681 -21.294095225512606
v -2.093890059558355 -9.659258262890681 -21.521300177236824
v -1.923400341029388 -9.659258262890681 -21.731837445866706
v -1.731837445866706 -9.659258262890681 -21.92340034102939
v -1.5213001772368233 -9.659258262890681 -22.093890059558355
v -1.2940952255126061 -9.659258262890681 -22.241438680420135
v -1.052711895690835 -9.659258262890681 -22.364429630048036
v -0.7997948340457504 -9.659258262890681 -22.461515393860417
v -0.5381150528310318 -9.659258262890681 -22.531632279912454
v -0.27053957048968214 -9.659258262890681 -22.57401207292766
v -4.754428727147652e-16 -9.659258262890681 -22.58819045102521
v 0.2705395704896812 -9.659258262890681 -22.57401207292766
v 0.5381150528310308 -9.659258262890681 -22.531632279912454
v 0.7997948340457495 -9.659258262890681 -22.46151539386042
v 1.0527118956908341 -9.659258262890681 -22.364429630048036
v 1.2940952255126053 -9.659258262890681 -22.241438680420135
v 1.5213001772368224 -9.659258262890681 -22.093890059558355
v 1.731837445866706 -9.659258262890681 -21.92340034102939
v 1.9234003410293865 -9.659258262890681 -21.731837445866706
v 2.0938900595583547 -9.659258262890681 -21.521300177236824
v 2.2414386804201354 -9.659258262890681 -21.294095225512606
v 2.3644296300480354 -9.659258262890681 -21.052711895690834
v 2.4615153938604184 -9.659258262890681 -20.799794834045752
v 2.5316322799124555 -9.659258262890681 -20.53811505283103
v 2.574012072927658 -9.659258262890681 -20.27053957048968
v 2.079116908177593 -9.781476007338057 -20.0
v 2.067727288213004 -9.781476007338057 -19.7826731046344
v 2.0336832153790008 -9.781476007338057 -19.567727288213003
v 1.9773576836617324 -9.781476007338057 -19.357517542080828
v 1.8993678073735687 -9.781476007338057 -19.154346968205708
v 1.800568059919554 -9.781476007338057 -18.960441545911202
v 1.68204091200797 -9.781476007338057 -18.777925743581285
v 1.545084971874737 -9.781476007338057 -18.608799242540172
v 1.3912007574598275 -9.781476007338057 -18.454915028125264
v 1.2220742564187133 -9.781476007338057 -18.31795908799203
v 1.0395584540887968 -9.781476007338057 -18.199431940080448
v 0.8456530317942913 -9.781476007338057 -18.10063219262643
v 0.6424824579191735 -9.781476007338057 -18.022642316338267
v 0.4322727117869952 -9.781476007338057 -17.966316784621
v 0.21732689536559877 -9.781476007338057 -17.932272711786997
v 1.2730919333264154e-16 -9.781476007338057 -17.920883091822407
v -0.21732689536559852 -9.781476007338057 -17.932272711786997
v -0.432272711786995 -9.781476007338057 -17.966316784621
v -0.6424824579191732 -9.781476007338057 -18.022642316338267
v -0.8456530317942906 -9.781476007338057 -18.10063219262643
v -1.039558454088796 -9.781476007338057 -18.199431940080444
v -1.222074256418713 -9.781476007338057 -18.31795908799203
v -1.3912007574598269 -9.781476007338057 -18.454915028125264
v -1.5450849718747373 -9.781476007338057 -18.608799242540172
v -1.6820409120079698 -9.781476007338057 -18.777925743581285
v -1.800568059919554 -9.781476007338057 -18.960441545911202
v -1.899367807373569 -9.781476007338057 -19.154346968205708
v -1.9773576836617324 -9.781476007338057 -19.357517542080828
v -2.0336832153790008 -9.781476007338057 -19.567727288213003
v -2.067727288213004 -9.781476007338057 -19.7826731046344
v -2.079116908177593 -9.781476007338057 -20.0
v -2.067727288213004 -9.781476007338057 -20.2173268953656
v -2.0336832153790008 -9.781476007338057 -20.432272711786993
v -1.9773576836617324 -9.781476007338057 -20.642482457919176
v -1.8993678073735691 -9.781476007338057 -20.84565303179429
v -1.8005680599195537 -9.781476007338057 -21.039558454088798
v -1.6820409120079702 -9.781476007338057 -21.222074256418715
v -1.545084971874737 -9.781476007338057 -21.391200757459828
v -1.391200757459828 -9.781476007338057 -21.545084971874736
v -1.2220742564187135 -9.781476007338057 -21.68204091200797
v -1.0395584540887974 -9.781476007338057 -21.800568059919552
v -0.8456530317942907 -9.781476007338057 -21.89936780737357
v -0.6424824579191737 -9.781476007338057 -21.977357683661733
v -0.4322727117869964 -9.781476007338057 -22.033683215379
v -0.21732689536560038 -9.781476007338057 -22.067727288213003
v -3.819275799979246e-16 -9.781476007338057 -22.079116908177593
v 0.21732689536559963 -9.781476007338057 -22.067727288213003
v 0.43227271178699567 -9.781476007338057 -22.033683215379
v 0.6424824579191729 -9.781476007338057 -21.977357683661733
v 0.8456530317942901 -9.781476007338057 -21.89936780737357
v 1.0395584540887968 -9.781476007338057 -21.800568059919552
v 1.2220742564187128 -9.781476007338057 -21.68204091200797
v 1.391200757459828 -9.781476007338057 -21.545084971874736
v 1.5450849718747357 -9.781476007338057 -21.391200757459828
v 1.6820409120079698 -9.781476007338057 -21.222074256418715
v 1.800568059919553 -9.781476007338057 -21.039558454088798
v 1.899367807373569 -9.781476007338057 -20.845653031794292
v 1.9773576836617324 -9.781476007338057 -20.642482457919172
v 2.0336832153790008 -9.781476007338057 -20.432272711786997
v 2.067727288213004 -9.781476007338057 -20.217326895365602
v 1.5643446504023097 -9.876883405951377 -20.0
v 1.555775006727324 -9.876883405951377 -19.836481457672473
v 1.5301599665117833 -9.876883405951377 -19.67475445871314
v 1.4877801734965805 -9.876883405951377 -19.516590917966152
v 1.4290999495625325 -9.876883405951377 -19.36372370828178
v 1.3547622075226868 -9.876883405951377 -19.217827674798844
v 1.2655814072350045 -9.876883405951377 -19.0805012849909
v 1.1625346322097199 -9.876883405951377 -18.953249115522066
v 1.0467508844779336 -9.876883405951377 -18.83746536779028
v 0.9194987150091023 -9.876883405951377 -18.734418592764996
v 0.7821723252011551 -9.876883405951377 -18.645237792477314
v 0.636276291718222 -9.876883405951377 -18.570900050437466
v 0.4834090820338497 -9.876883405951377 -18.51221982650342
v 0.3252455412868607 -9.876883405951377 -18.469840033488218
v 0.16351854232752802 -9.876883405951377 -18.444224993272677
v 9.57884834439237e-17 -9.876883405951377 -18.435655349597692
v -0.16351854232752783 -9.876883405951377 -18.444224993272677
v -0.3252455412868605 -9.876883405951377 -18.469840033488218
v -0.4834090820338495 -9.876883405951377 -18.51221982650342
v -0.6362762917182214 -9.876883405951377 -18.570900050437466
v -0.7821723252011545 -9.876883405951377 -18.645237792477314
v -0.9194987150091022 -9.876883405951377 -18.734418592764996
v -1.0467508844779332 -9.876883405951377 -18.83746536779028
v -1.1625346322097199 -9.876883405951377 -18.953249115522066
v -1.2655814072350045 -9.876883405951377 -19.0805012849909
v -1.3547622075226868 -9.876883405951377 -19.217827674798844
v -1.4290999495625327 -9.876883405951377 -19.36372370828178
v -1.4877801734965805 -9.876883405951377 -19.516590917966152
v -1.5301599665117833 -9.876883405951377 -19.67475445871314
v -1.555775006727324 -9.876883405951377 -19.836481457672473
v -1.5643446504023097 -9.876883405951377 -20.0
v -1.555775006727324 -9.876883405951377 -20.163518542327527
v -1.5301599665117833 -9.876883405951377 -20.32524554128686
v -1.4877801734965805 -9.876883405951377 -20.48340908203385
v -1.429099949562533 -9.876883405951377 -20.63627629171822
v -1.3547622075226868 -9.876883405951377 -20.782172325201156
v -1.2655814072350047 -9.876883405951377 -20.9194987150091
v -1.1625346322097199 -9.876883405951377 -21.046750884477934
v -1.046750884477934 -9.876883405951377 -21.16253463220972
v -0.9194987150091025 -9.876883405951377 -21.265581407235004
v -0.7821723252011555 -9.876883405951377 -21.354762207522686
v -0.6362762917182215 -9.876883405951377 -21.429099949562534
v -0.48340908203384986 -9.876883405951377 -21.48778017349658
v -0.32524554128686156 -9.876883405951377 -21.530159966511782
v -0.16351854232752924 -9.876883405951377 -21.555775006727323
v -2.873654503317711e-16 -9.876883405951377 -21.564344650402308
v 0.1635185423275287 -9.876883405951377 -21.555775006727323
v 0.325245541286861 -9.876883405951377 -21.530159966511782
v 0.48340908203384936 -9.876883405951377 -21.48778017349658
v 0.636276291718221 -9.876883405951377 -21.429099949562534
v 0.7821723252011551 -9.876883405951377 -21.354762207522686
v 0.919498715009102 -9.876883405951377 -21.265581407235004
v 1.046750884477934 -9.876883405951377 -21.16253463220972
v 1.162534632209719 -9.876883405951377 -21.046750884477934
v 1.2655814072350045 -9.876883405951377 -20.9194987150091
v 1.3547622075226864 -9.876883405951377 -20.782172325201156
v 1.4290999495625327 -9.876883405951377 -20.63627629171822
v 1.4877801734965805 -9.876883405951377 -20.48340908203385
v 1.530159966511783 -9.876883405951377 -20.32524554128686
v 1.555775006727324 -9.876883405951377 -20.16351854232753
v 1.0452846326765373 -9.945218953682733 -20.0
v 1.0395584540887992 -9.945218953682733 -19.89073800366903
v 1.0224426555364723 -9.945218953682733 -19.7826731046344
v 0.9941247612902068 -9.945218953682733 -19.676989284543975
v 0.9549150281252652 -9.945218953682733 -19.574844437446423
v 0.9052430460833669 -9.945218953682733 -19.477357683661733
v 0.8456530317942932 -9.945218953682733 -19.385597108464776
v 0.7767978659246074 -9.945218953682733 -19.300568059919552
v 0.6994319400804477 -9.945218953682733 -19.223202134075393
v 0.6144028915352235 -9.945218953682733 -19.154346968205708
v 0.5226423163382687 -9.945218953682733 -19.094756953916633
v 0.42515556255357584 -9.945218953682733 -19.045084971874736
v 0.32301071545602456 -9.945218953682733 -19.005875238709795
v 0.21732689536559924 -9.945218953682733 -18.977557344463527
v 0.10926199633097206 -9.945218953682733 -18.960441545911202
v 6.40052239802619e-17 -9.945218953682733 -18.954715367323463
v -0.10926199633097193 -9.945218953682733 -18.960441545911202
v -0.21732689536559913 -9.945218953682733 -18.977557344463527
v -0.3230107154560244 -9.945218953682733 -19.005875238709795
v -0.4251555625535755 -9.945218953682733 -19.045084971874736
v -0.5226423163382684 -9.945218953682733 -19.094756953916633
v -0.6144028915352234 -9.945218953682733 -19.154346968205708
v -0.6994319400804474 -9.945218953682733 -19.223202134075393
v -0.7767978659246075 -9.945218953682733 -19.300568059919552
v -0.8456530317942931 -9.945218953682733 -19.385597108464776
v -0.9052430460833669 -9.945218953682733 -19.477357683661733
v -0.9549150281252653 -9.945218953682733 -19.574844437446423
v -0.9941247612902068 -9.945218953682733 -19.676989284543975
v -1.0224426555364723 -9.945218953682733 -19.7826731046344
v -1.0395584540887992 -9.945218953682733 -19.89073800366903
v -1.0452846326765373 -9.945218953682733 -20.0
v -1.0395584540887992 -9.945218953682733 -20.10926199633097
v -1.0224426555364723 -9.945218953682733 -20.2173268953656
v -0.9941247612902068 -9.945218953682733 -20.323010715456025
v -0.9549150281252654 -9.945218953682733 -20.425155562553574
v -0.9052430460833668 -9.945218953682733 -20.52264231633827
v -0.8456530317942933 -9.945218953682733 -20.614402891535224
v -0.7767978659246074 -9.945218953682733 -20.699431940080448
v -0.6994319400804481 -9.945218953682733 -20.776797865924607
v -0.6144028915352236 -9.945218953682733 -20.845653031794292
v -0.5226423163382691 -9.945218953682733 -20.905243046083367
v -0.42515556255357556 -9.945218953682733 -20.954915028125264
v -0.32301071545602467 -9.945218953682733 -20.994124761290205
v -0.21732689536559982 -9.945218953682733 -21.022442655536473
v -0.10926199633097287 -9.945218953682733 -21.039558454088798
v -1.9201567194078573e-16 -9.945218953682733 -21.045284632676537
v 0.1092619963309725 -9.945218953682733 -21.039558454088798
v 0.21732689536559946 -9.945218953682733 -21.022442655536473
v 0.3230107154560243 -9.945218953682733 -20.994124761290205
v 0.4251555625535752 -9.945218953682733 -20.954915028125264
v 0.5226423163382687 -9.945218953682733 -20.905243046083367
v 0.6144028915352233 -9.945218953682733 -20.845653031794292
v 0.6994319400804481 -9.945218953682733 -20.776797865924607
v 0.7767978659246069 -9.945218953682733 -20.699431940080448
v 0.8456530317942931 -9.945218953682733 -20.614402891535224
v 0.9052430460833665 -9.945218953682733 -20.52264231633827
v 0.9549150281252653 -9.945218953682733 -20.425155562553577
v 0.9941247612902068 -9.945218953682733 -20.323010715456025
v 1.0224426555364723 -9.945218953682733 -20.2173268953656
v 1.0395584540887992 -9.945218953682733 -20.10926199633097
v 0.5233595624294425 -9.986295347545738 -20.0
v 0.5204925439864393 -9.986295347545738 -19.94529402920282
v 0.5119229003114536 -9.986295347545738 -19.891187428469653
v 0.4977445222139015 -9.986295347545738 -19.838273001040665
v 0.47811275097123634 -9.986295347545738 -19.78713048845583
v 0.45324267637740506 -9.986295347545738 -19.73832021878528
v 0.42340678017405525 -9.986295347545738 -19.69237696755773
v 0.38893195068355346 -9.986295347545738 -19.64980409864788
v 0.3501959013521196 -9.986295347545738 -19.611068049316447
v 0.3076230324422682 -9.986295347545738 -19.576593219825945
v 0.2616797812147213 -9.986295347545738 -19.546757323622597
v 0.21286951154417122 -9.986295347545738 -19.521887249028765
v 0.16172699895933398 -9.986295347545738 -19.502255477786097
v 0.10881257153034801 -9.986295347545738 -19.488077099688546
v 0.05470597079718117 -9.986295347545738 -19.47950745601356
v 3.204653064661881e-17 -9.986295347545738 -19.47664043757056
v -0.0547059707971811 -9.986295347545738 -19.47950745601356
v -0.10881257153034794 -9.986295347545738 -19.488077099688546
v -0.16172699895933393 -9.986295347545738 -19.502255477786097
v -0.21286951154417103 -9.986295347545738 -19.521887249028765
v -0.26167978121472113 -9.986295347545738 -19.546757323622597
v -0.30762303244226813 -9.986295347545738 -19.576593219825945
v -0.3501959013521194 -9.986295347545738 -19.611068049316447
v -0.3889319506835535 -9.986295347545738 -19.64980409864788
v -0.4234067801740552 -9.986295347545738 -19.69237696755773
v -0.45324267637740506 -9.986295347545738 -19.73832021878528
v -0.47811275097123646 -9.986295347545738 -19.78713048845583
v -0.4977445222139015 -9.986295347545738 -19.838273001040665
v -0.5119229003114536 -9.986295347545738 -19.891187428469653
v -0.5204925439864393 -9.986295347545738 -19.94529402920282
v -0.5233595624294425 -9.986295347545738 -20.0
v -0.5204925439864393 -9.986295347545738 -20.05470597079718
v -0.5119229003114536 -9.986295347545738 -20.108812571530347
v -0.4977445222139015 -9.986295347545738 -20.161726998959335
v -0.4781127509712365 -9.986295347545738 -20.21286951154417
v -0.453242676377405 -9.986295347545738 -20.26167978121472
v -0.4234067801740553 -9.986295347545738 -20.30762303244227
v -0.38893195068355346 -9.986295347545738 -20.35019590135212
v -0.3501959013521197 -9.986295347545738 -20.388931950683553
v -0.30762303244226824 -9.986295347545738 -20.423406780174055
v -0.26167978121472146 -9.986295347545738 -20.453242676377403
v -0.21286951154417105 -9.986295347545738 -20.478112750971235
v -0.16172699895933404 -9.986295347545738 -20.497744522213903
v -0.10881257153034829 -9.986295347545738 -20.511922900311454
v -0.05470597079718157 -9.986295347545738 -20.52049254398644
v -9.61395919398564e-17 -9.986295347545738 -20.52335956242944
v 0.05470597079718138 -9.986295347545738 -20.52049254398644
v 0.10881257153034811 -9.986295347545738 -20.511922900311454
v 0.16172699895933387 -9.986295347545738 -20.497744522213903
v 0.2128695115441709 -9.986295347545738 -20.478112750971235
v 0.2616797812147213 -9.986295347545738 -20.453242676377403
v 0.3076230324422681 -9.986295347545738 -20.423406780174055
v 0.3501959013521197 -9.986295347545738 -20.388931950683553
v 0.3889319506835532 -9.986295347545738 -20.35019590135212
v 0.4234067801740552 -9.986295347545738 -20.30762303244227
v 0.4532426763774049 -9.986295347545738 -20.26167978121472
v 0.47811275097123646 -9.986295347545738 -20.21286951154417
v 0.4977445222139015 -9.986295347545738 -20.161726998959335
v 0.5119229003114535 -9.986295347545738 -20.108812571530347
v 0.5204925439864393 -9.986295347545738 -20.054705970797183
v 1.2246467991473533e-15 -10.0 -20.0
v 1.2179380558447148e-15 -10.0 -20.0
v 1.1978853283323183e-15 -10.0 -20.0
v 1.1647083184890924e-15 -10.0 -20.0
v 1.1187705205776151e-15 -10.0 -20.0
v 1.060575238724907e-15 -10.0 -20.0
v 9.907600726170917e-16 -10.0 -20.0
v 9.100899318238093e-16 -10.0 -20.0
v 8.194486552889033e-16 -10.0 -20.0
v 7.198293278059967e-16 -10.0 -20.0
v 6.123233995736767e-16 -10.0 -20.0
v 4.981087280387184e-16 -10.0 -20.0
v 3.7843667304341507e-16 -10.0 -20.0
v 2.54618386665283e-16 -10.0 -20.0
v 1.280104479605235e-16 -10.0 -20.0
v 7.498798913309289e-32 -10.0 -20.0
v -1.2801044796052334e-16 -10.0 -20.0
v -2.546183866652829e-16 -10.0 -20.0
v -3.784366730434149e-16 -10.0 -20.0
v -4.98108728038718e-16 -10.0 -20.0
v -6.123233995736763e-16 -10.0 -20.0
v -7.198293278059966e-16 -10.0 -20.0
v -8.194486552889029e-16 -10.0 -20.0
v -9.100899318238095e-16 -10.0 -20.0
v -9.907600726170915e-16 -10.0 -20.0
v -1.060575238724907e-15 -10.0 -20.0
v -1.1187705205776153e-15 -10.0 -20.0
v -1.1647083184890924e-15 -10.0 -20.0
v -1.1978853283323183e-15 -10.0 -20.0
v -1.2179380558447148e-15 -10.0 -20.0
v -1.2246467991473533e-15 -10.0 -20.0
v -1.2179380558447148e-15 -10.0 -20.0
v -1.1978853283323183e-15 -10.0 -20.0
v -1.1647083184890924e-15 -10.0 -20.0
v -1.1187705205776153e-15 -10.0 -20.0
v -1.060575238724907e-15 -10.0 -20.0
v -9.907600726170917e-16 -10.0 -20.0
v -9.100899318238093e-16 -10.0 -20.0
v -8.194486552889036e-16 -10.0 -20.0
v -7.198293278059968e-16 -10.0 -20.0
v -6.123233995736772e-16 -10.0 -20.0
v -4.981087280387181e-16 -10.0 -20.0
v -3.784366730434152e-16 -10.0 -20.0
v -2.5461838666528367e-16 -10.0 -20.0
v -1.2801044796052445e-16 -10.0 -20.0
v -2.2496396739927866e-31 -10.0 -20.0
v 1.28010447960524e-16 -10.0 -20.0
v 2.5461838666528323e-16 -10.0 -20.0
v 3.7843667304341477e-16 -10.0 -20.0
v 4.981087280387177e-16 -10.0 -20.0
v 6.123233995736767e-16 -10.0 -20.0
v 7.198293278059964e-16 -10.0 -20.0
v 8.194486552889036e-16 -10.0 -20.0
v 9.100899318238087e-16 -10.0 -20.0
v 9.907600726170915e-16 -10.0 -20.0
v 1.0605752387249066e-15 -10.0 -20.0
v 1.1187705205776153e-15 -10.0 -20.0
v 1.1647083184890924e-15 -10.0 -20.0
v 1.1978853283323183e-15 -10.0 -20.0
v 1.2179380558447148e-15 -10.0 -20.0
f 1 2 62
f 1 62 61
f 2 3 63
f 2 63 62
f 3 4 64
f 3 64 63
f 4 5 65
f 4 65 64
f 5 6 66
f 5 66 65
f 6 7 67
f 6 67 66
f 7 8 68
f 7 68 67
f 8 9 69
f 8 69 68
f 9 10 70
f 9 70 69
f 10 11 71
f 10 71 70
f 11 12 72
f 11 72 71
f 12 13 73
f 12 73 72
f 13 14 74
f 13 74 73
f 14 15 75
f 14 75 74
f 15 16 76
f 15 76 75
f 16 17 77
f 16 77 76
f 17 18 78
f 17 78 77
f 18 19 79
f 18 79 78
f 19 20 80
f 19 80 79
f 20 21 81
f 20 81 80
f 21 22 82
f 21 82 81
f 22 23 83
f 22 83 82
f 23 24 84
f 23 84 83
f 24 25 85
f 24 85 84
f 25 26 86
f 25 86 85
f 26 27 87
f 26 87 86
f 27 28 88
f 27 88 87
f 28 29 89
f 28 89 88
f 29 30 90
f 29 90 89
f 30 31 91
f 30 91 90
f 31 32 92
f 31 92 91
f 32 33 93
f 32 93 92
f 33 34 94
f 33 94 93
f 34 35 95
f 34 95 94
f 35 36 96
f 35 96 95
f 36 37 97
f 36 97 96
f 37 38 98
f 37 98 97
f 38 39 99
f 38 99 98
f 39 40 100
f 39 100 99
f 40 41 101
f 40 101 100
f 41 42 102
f 41 102 101
f 42 43 103
f 42 103 102
f 43 44 104
f 43 104 103
f 44 45 105
f 44 105 104
f 45 46 106
f 45 106 105
f 46 47 107
f 46 107 106
f 47 48 108
f 47 108 107
f 48 49 109
f 48 109 108
f 49 50 110
f 49 110 109
f 50 51 111
f 50 111 110
f 51 52 112
f 51 112 111
f 52 53 113
f 52 113 112
f 53 54 114
f 53 114 113
f 54 55 115
f 54 115 114
f 55 56 116
f 55 116 115
f 56 57 117
f 56 117 116
f 57 58 118
f 57 118 117
f 58 59 119
f 58 119 118
f 59 60 120
f 59 120 119
f 60 1 61
f 60 61 120
f 61 62 122
f 61 122 121
f 62 63 123
f 62 123 122
f 63 64 124
f 63 124 123
f 64 65 125
f 64 125 124
f 65 66 126
f 65 126 125
f 66 67 127
f 66 127 126
f 67 68 128
f 67 128 127
f 68 69 129
f 68 129 128
f 69 70 130
f 69 130 129
f 70 71 131
f 70 131 130
f 71 72 132
f 71 132 131
f 72 73 133
f 72 133 132
f 73 74 134
f 73 134 133
f 74 75 135
f 74 135 134
f 75 76 136
f 75 136 135
f 76 77 137
f 76 137 136
f 77 78 138
f 77 138 137
f 78 79 139
f 78 139 138
f 79 80 140
f 79 140 139
f 80 81 141
f 80 141 140
f 81 82 142
f 81 142 141
f 82 83 143
f 82 143 142
f 83 84 144
f 83 144 143
f 84 85 145
f 84 145 144
f 85 86 146
f 85 146 145
f 86 87 147
f 86 147 146
f 87 88 148
f 87 148 147
f 88 89 149
f 88 149 148
f 89 90 150
f 89 150 149
f 90 91 151
f 90 151 150
f 91 92 152
f 91 152 151
f 92 93 153
f 92 153 152
f 93 94 154
f 93 154 153
f 94 95 155
f 94 155 154
f 95 96 156
f 95 156 155
f 96 97 157
f 96 157 156
f 97 98 158
f 97 158 157
f 98 99 159
f 98 159 158
f 99 100 160
f 99 160 159
f 100 101 161
f 100 161 160
f 101 102 162
f 101 162 161
f 102 103 163
f 102 163 162
f 103 104 164
f 103 164 163
f 104 105 165
f 104 165 164
f 105 106 166
f 105 166 165
f 106 107 167
f 106 167 166
f 107 108 168
f 107 168 167
f 108 109 169
f 108 169 168
f 109 110 170
f 109 170 169
f 110 111 171
f 110 171 170
f 111 112 172
f 111 172 171
f 112 113 173
f 112 173 172
f 113 114 174
f 113 174 173
f 114 115 175
f 114 175 174
f 115 116 176
f 115 176 175
f 116 117 177
f 116 177 176
f 117 118 178
f 117 178 177
f 118 119 179
f 118 179 178
f 119 120 180
f 119 180 179
f 120 61 121
f 120 121 180
f 121 122 182
f 121 182 181
f 122 123 183
f 122 183 182
f 123 124 184
f 123 184 183
f 124 125 185
f 124 185 184
f 125 126 186
f 125 186 185
f 126 127 187
f 126 187 186
f 127 128 188
f 127 188 187
f 128 129 189
f 128 189 188
f 129 130 190
f 129 190 189
f 130 131 191
f 130 191 190
f 131 132 192
f 131 192 191
f 132 133 193
f 132 193 192
f 133 134 194
f 133 194 193
f 134 135 195
f 134 195 194
f 135 136 196
f 135 196 195
f 136 137 197
f 136 197 196
f 137 138 198
f 137 198 197
f 138 139 199
f 138 199 198
f 139 140 200
f 139 200 199
f 140 141 201
f 140 201 200
f 141 142 202
f 141 202 201
f 142 143 203
f 142 203 202
f 143 144 204
f 143 204 203
f 144 145 205
f 144 205 204
f 145 146 206
f 145 206 205
f 146 147 207
f 146 207 206
f 147 148 208
f 147 208 207
f 148 149 209
f 148 209 208
f 149 150 210
f 149 210 209
f 150 151 211
f 150 211 210
f 151 152 212
f 151 212 211
f 152 153 213
f 152 213 212
f 153 154 214
f 153 214 213
f 154 155 215
f 154 215 214
f 155 156 216
f 155 216 215
f 156 157 217
f 156 217 216
f 157 158 218
f 157 218 217
f 158 159 219
f 158 219 218
f 159 160 220
f 159 220 219
f 160 161 221
f 160 221 220
f 161 162 222
f 161 222 221
f 162 163 223
f 162 223 222
f 163 164 224
f 163 224 223
f 164 165 225
f 164 225 224
f 165 166 226
f 165 226 225
f 166 167 227
f 166 227 226
f 167 168 228
f 167 228 227
f 168 169 229
f 168 229 228
f 169 170 230
f 169 230 229
f 170 171 231
f 170 231 230
f 171 172 232
f 171 232 231
f 172 173 233
f 172 233 232
f 173 174 234
f 173 234 233
f 174 175 235
f 174 235 234
f 175 176 236
f 175 236 235
f 176 177 237
f 176 237 236
f 177 178 238
f 177 238 237
f 178 179 239
f 178 239 238
f 179 180 240
f 179 240 239
f 180 121 181
f 180 181 240
f 181 182 242
f 181 242 241
f 182 183 243
f 182 243 242
f 183 184 244
f 183 244 243
f 184 185 245
f 184 245 244
f 185 186 246
f 185 246 245
f 186 187 247
f 186 247 246
f 187 188 248
f 187 248 247
f 188 189 249
f 188 249 248
f 189 190 250
f 189 250 249
f 190 191 251
f 190 251 250
f 191 192 252
f 191 252 251
f 192 193 253
f 192 253 252
f 193 194 254
f 193 254 253
f 194 195 255
f 194 255 254
f 195 196 256
f 195 256 255
f 196 197 257
f 196 257 256
f 197 198 258
f 197 258 257
f 198 199 259
f 198 259 258
f 199 200 260
f 199 260 259
f 200 201 261
f 200 261 260
f 201 202 262
f 201 262 261
f 202 203 263
f 202 263 262
f 203 204 264
f 203 264 263
f 204 205 265
f 204 265 264
f 205 206 266
f 205 266 265
f 206 207 267
f 206 267 266
f 207 208 268
f 207 268 267
f 208 209 269
f 208 269 268
f 209 210 270
f 209 270 269
f 210 211 271
f 210 271 270
f 211 212 272
f 211 272 271
f 212 213 273
f 212 273 272
f 213 214 274
f 213 274 273
f 214 215 275
f 214 275 274
f 215 216 276
f 215 276 275
f 216 217 277
f 216 277 276
f 217 218 278
f 217 278 277
f 218 219 279
f 218 279 278
f 219 220 280
f 219 280 279
f 220 221 281
f 220 281 280
f 221 222 282
f 221 282 281
f 222 223 283
f 222 283 282
f 223 224 284
f 223 284 283
f 224 225 285
f 224 285 284
f 225 226 286
f 225 286 285
f 226 227 287
f 226 287 286
f 227 228 288
f 227 288 287
f 228 229 289
f 228 289 288
f 229 230 290
f 229 290 289
f 230 231 291
f 230 291 290
f 231 232 292
f 231 292 291
f 232 233 293
f 232 293 292
f 233 234 294
f 233 294 293
f 234 235 295
f 234 295 294
f 235 236 296
f 235 296 295
f 236 237 297
f 236 297 296
f 237 238 298
f 237 298 297
f 238 239 299
f 238 299 298
f 239 240 300
f 239 300 299
f 240 181 241
f 240 241 300
f 241 242 302
f 241 302 301
f 242 243 303
f 242 303 302
f 243 244 304
f 243 304 303
f 244 245 305
f 244 305 304
f 245 246 306
f 245 306 305
f 246 247 307
f 246 307 306
f 247 248 308
f 247 308 307
f 248 249 309
f 248 309 308
f 249 250 310
f 249 310 309
f 250 251 311
f 250 311 310
f 251 252 312
f 251 312 311
f 252 253 313
f 252 313 312
f 253 254 314
f 253 314 313
f 254 255 315
f 254 315 314
f 255 256 316
f 255 316 315
f 256 257 317
f 256 317 316
f 257 258 318
f 257 318 317
f 258 259 319
f 258 319 318
f 259 260 320
f 259 320 319
f 260 261 321
f 260 321 320
f 261 262 322
f 261 322 321
f 262 263 323
f 262 323 322
f 263 264 324
f 263 324 323
f 264 265 325
f 264 325 324
f 265 266 326
f 265 326 325
f 266 267 327
f 266 327 326
f 267 268 328
f 267 328 327
f 268 269 329
f 268 329 328
f 269 270 330
f 269 330 329
f 270 271 331
f 270 331 330
f 271 272 332
f 271 332 331
f 272 273 333
f 272 333 332
f 273 274 334
f 273 334 333
f 274 275 335
f 274 335 334
f 275 276 336
f 275 336 335
f 276 277 337
f 276 337 336
f 277 278 338
f 277 338 337
f 278 279 339
f 278 339 338
f 279 280 340
f 279 340 339
f 280 281 341
f 280 341 340
f 281 282 342
f 281 342 341
f 282 283 343
f 282 343 342
f 283 284 344
f 283 344 343
f 284 285 345
f 284 345 344
f 285 286 346
f 285 346 345
f 286 287 347
f 286 347 346
f 287 288 348
f 287 348 347
f 288 289 349
f 288 349 348
f 289 290 350
f 289 350 349
f 290 291 351
f 290 351 350
f 291 292 352
f 291 352 351
f 292 293 353
f 292 353 352
f 293 294 354
f 293 354 353
f 294 295 355
f 294 355 354
f 295 296 356
f 295 356 355
f 296 297 357
f 296 357 356
f 297 298 358
f 297 358 357
f 298 299 359
f 298 359 358
f 299 300 360
f 299 360 359
f 300 241 301
f 300 301 360
f 301 302 362
f 301 362 361
f 302 303 363
f 302 363 362
f 303 304 364
f 303 364 363
f 304 305 365
f 304 365 364
f 305 306 366
f 305 366 365
f 306 307 367
f 306 367 366
f 307 308 368
f 307 368 367
f 308 309 369
f 308 369 368
f 309 310 370
f 309 370 369
f 310 311 371
f 310 371 370
f 311 312 372
f 311 372 371
f 312 313 373
f 312 373 372
f 313 314 374
f 313 374 373
f 314 315 375
f 314 375 374
f 315 316 376
f 315 376 375
f 316 317 377
f 316 377 376
f 317 318 378
f 317 378 377
f 318 319 379
f 318 379 378
f 319 320 380
f 319 380 379
f 320 321 381
f 320 381 380
f 321 322 382
f 321 382 381
f 322 323 383
f 322 383 382
f 323 324 384
f 323 384 383
f 324 325 385
f 324 385 384
f 325 326 386
f 325 386 385
f 326 327 387
f 326 387 386
f 327 328 388
f 327 388 387
f 328 329 389
f 328 389 388
f 329 330 390
f 329 390 389
f 330 331 391
f 330 391 390
f 331 332 392
f 331 392 391
f 332 333 393
f 332 393 392
f 333 334 394
f 333 394 393
f 334 335 395
f 334 395 394
f 335 336 396
f 335 396 395
f 336 337 397
f 336 397 396
f 337 338 398
f 337 398 397
f 338 339 399
f 338 399 398
f 339 340 400
f 339 400 399
f 340 341 401
f 340 401 400
f 341 342 402
f 341 402 401
f 342 343 403
f 342 403 402
f 343 344 404
f 343 404 403
f 344 345 405
f 344 405 404
f 345 346 406
f 345 406 405
f 346 347 407
f 346 407 406
f 347 348 408
f 347 408 407
f 348 349 409
f 348 409 408
f 349 350 410
f 349 410 409
f 350 351 411
f 350 411 410
f 351 352 412
f 351 412 411
f 352 353 413
f 352 413 412
f 353 354 414
f 353 414 413
f 354 355 415
f 354 415 414
f 355 356 416
f 355 416 415
f 356 357 417
f 356 417 416
f 357 358 418
f 357 418 417
f 358 359 419
f 358 419 418
f 359 360 420
f 359 420 419
f 360 301 361
f 360 361 420
f 361 362 422
f 361 422 421
f 362 363 423
f 362 423 422
f 363 364 424
f 363 424 423
f 364 365 425
f 364 425 424
f 365 366 426
f 365 426 425
f 366 367 427
f 366 427 426
f 367 368 428
f 367 428 427
f 368 369 429
f 368 429 428
f 369 370 430
f 369 430 429
f 370 371 431
f 370 431 430
f 371 372 432
f 371 432 431
f 372 373 433
f 372 433 432
f 373 374 434
f 373 434 433
f 374 375 435
f 374 435 434
f 375 376 436
f 375 436 435
f 376 377 437
f 376 437 436
f 377 378 438
f 377 438 437
f 378 379 439
f 378 439 438
f 379 380 440
f 379 440 439
f 380 381 441
f 380 441 440
f 381 382 442
f 381 442 441
f 382 383 443
f 382 443 442
f 383 384 444
f 383 444 443
f 384 385 445
f 384 445 444
f 385 386 446
f 385 446 445
f 386 387 447
f 386 447 446
f 387 388 448
f 387 448 447
f 388 389 449
f 388 449 448
f 389 390 450
f 389 450 449
f 390 391 451
f 390 451 450
f 391 392 452
f 391 452 451
f 392 393 453
f 392 453 452
f 393 394 454
f 393 454 453
f 394 395 455
f 394 455 454
f 395 396 456
f 395 456 455
f 396 397 457
f 396 457 456
f 397 398 458
f 397 458 457
f 398 399 459
f 398 459 458
f 399 400 460
f 399 460 459
f 400 401 461
f 400 461 460
f 401 402 462
f 401 462 461
f 402 403 463
f 402 463 462
f 403 404 464
f 403 464 463
f 404 405 465
f 404 465 464
f 405 406 466
f 405 466 465
f 406 407 467
f 406 467 466
f 407 408 468
f 407 468 467
f 408 409 469
f 408 469 468
f 409 410 470
f 409 470 469
f 410 411 471
f 410 471 470
f 411 412 472
f 411 472 471
f 412 413 473
f 412 473 472
f 413 414 474
f 413 474 473
f 414 415 475
f 414 475 474
f 415 416 476
f 415 476 475
f 416 417 477
f 416 477 476
f 417 418 478
f 417 478 477
f 418 419 479
f 418 479 478
f 419 420 480
f 419 480 479
f 420 361 421
f 420 421 480
f 421 422 482
f 421 482 481
f 422 423 483
f 422 483 482
f 423 424 484
f 423 484 483
f 424 425 485
f 424 485 484
f 425 426 486
f 425 486 485
f 426 427 487
f 426 487 486
f 427 428 488
f 427 488 487
f 428 429 489
f 428 489 488
f 429 430 490
f 429 490 489
f 430 431 491
f 430 491 490
f 431 432 492
f 431 492 491
f 432 433 493
f 432 493 492
f 433 434 494
f 433 494 493
f 434 435 495
f 434 495 494
f 435 436 496
f 435 496 495
f 436 437 497
f 436 497 496
f 437 438 498
f 437 498 497
f 438 439 499
f 438 499 498
f 439 440 500
f 439 500 499
f 440 441 501
f 440 501 500
f 441 442 502
f 441 502 501
f 442 443 503
f 442 503 502
f 443 444 504
f 443 504 503
f 444 445 505
f 444 505 504
f 445 446 506
f 445 506 505
f 446 447 507
f 446 507 506
f 447 448 508
f 447 508 507
f 448 449 509
f 448 509 508
f 449 450 510
f 449 510 509
f 450 451 511
f 450 511 510
f 451 452 512
f 451 512 511
f 452 453 513
f 452 513 512
f 453 454 514
f 453 514 513
f 454 455 515
f 454 515 514
f 455 456 516
f 455 516 515
f 456 457 517
f 456 517 516
f 457 458 518
f 457 518 517
f 458 459 519
f 458 519 518
f 459 460 520
f 459 520 519
f 460 461 521
f 460 521 520
f 461 462 522
f 461 522 521
f 462 463 523
f 462 523 522
f 463 464 524
f 463 524 523
f 464 465 525
f 464 525 524
f 465 466 526
f 465 526 525
f 466 467 527
f 466 527 526
f 467 468 528
f 467 528 527
f 468 469 529
f 468 529 528
f 469 470 530
f 469 530 529
f 470 471 531
f 470 531 530
f 471 472 532
f 471 532 531
f 472 473 533
f 472 533 532
f 473 474 534
f 473 534 533
f 474 475 535
f 474 535 534
f 475 476 536
f 475 536 535
f 476 477 537
f 476 537 536
f 477 478 538
f 477 538 537
f 478 479 539
f 478 539 538
f 479 480 540
f 479 540 539
f 480 421 481
f 480 481 540
f 481 482 542
f 481 542 541
f 482 483 543
f 482 543 542
f 483 484 544
f 483 544 543
f 484 485 545
f 484 545 544
f 485 486 546
f 485 546 545
f 486 487 547
f 486 547 546
f 487 488 548
f 487 548 547
f 488 489 549
f 488 549 548
f 489 490 550
f 489 550 549
f 490 491 551
f 490 551 550
f 491 492 552
f 491 552 551
f 492 493 553
f 492 553 552
f 493 494 554
f 493 554 553
f 494 495 555
f 494 555 554
f 495 496 556
f 495 556 555
f 496 497 557
f 496 557 556
f 497 498 558
f 497 558 557
f 498 499 559
f 498 559 558
f 499 500 560
f 499 560 559
f 500 501 561
f 500 561 560
f 501 502 562
f 501 562 561
f 502 503 563
f 502 563 562
f 503 504 564
f 503 564 563
f 504 505 565
f 504 565 564
f 505 506 566
f 505 566 565
f 506 507 567
f 506 567 566
f 507 508 568
f 507 568 567
f 508 509 569
f 508 569 568
f 509 510 570
f 509 570 569
f 510 511 571
f 510 571 570
f 511 512 572
f 511 572 571
f 512 513 573
f 512 573 572
f 513 514 574
f 513 574 573
f 514 515 575
f 514 575 574
f 515 516 576
f 515 576 575
f 516 517 577
f 516 577 576
f 517 518 578
f 517 578 577
f 518 519 579
f 518 579 578
f 519 520 580
f 519 580 579
f 520 521 581
f 520 581 580
f 521 522 582
f 521 582 581
f 522 523 583
f 522 583 582
f 523 524 584
f 523 584 583
f 524 525 585
f 524 585 584
f 525 526 586
f 525 586 585
f 526 527 587
f 526 587 586
f 527 528 588
f 527 588 587
f 528 529 589
f 528 589 588
f 529 530 590
f 529 590 589
f 530 531 591
f 530 591 590
f 531 532 592
f 531 592 591
f 532 533 593
f 532 593 592
f 533 534 594
f 533 594 593
f 534 535 595
f 534 595 594
f 535 536 596
f 535 596 595
f 536 537 597
f 536 597 596
f 537 538 598
f 537 598 597
f 538 539 599
f 538 599 598
f 539 540 600
f 539 600 599
f 540 481 541
f 540 541 600
f 541 542 602
f 541 602 601
f 542 543 603
f 542 603 602
f 543 544 604
f 543 604 603
f 544 545 605
f 544 605 604
f 545 546 606
f 545 606 605
f 546 547 607
f 546 607 606
f 547 548 608
f 547 608 607
f 548 549 609
f 548 609 608
f 549 550 610
f 549 610 609
f 550 551 611
f 550 611 610
f 551 552 612
f 551 612 611
f 552 553 613
f 552 613 612
f 553 554 614
f 553 614 613
f 554 555 615
f 554 615 614
f 555 556 616
f 555 616 615
f 556 557 617
f 556 617 616
f 557 558 618
f 557 618 617
f 558 559 619
f 558 619 618
f 559 560 620
f 559 620 619
f 560 561 621
f 560 621 620
f 561 562 622
f 561 622 621
f 562 563 623
f 562 623 622
f 563 564 624
f 563 624 623
f 564 565 625
f 564 625 624
f 565 566 626
f 565 626 625
f 566 567 627
f 566 627 626
f 567 568 628
f 567 628 627
f 568 569 629
f 568 629 628
f 569 570 630
f 569 630 629
f 570 571 631
f 570 631 630
f 571 572 632
f 571 632 631
f 572 573 633
f 572 633 632
f 573 574 634
f 573 634 633
f 574 575 635
f 574 635 634
f 575 576 636
f 575 636 635
f 576 577 637
f 576 637 636
f 577 578 638
f 577 638 637
f 578 579 639
f 578 639 638
f 579 580 640
f 579 640 639
f 580 581 641
f 580 641 640
f 581 582 642
f 581 642 641
f 582 583 643
f 582 643 642
f 583 584 644
f 583 644 643
f 584 585 645
f 584 645 644
f 585 586 646
f 585 646 645
f 586 587 647
f 586 647 646
f 587 588 648
f 587 648 647
f 588 589 649
f 588 649 648
f 589 590 650
f 589 650 649
f 590 591 651
f 590 651 650
f 591 592 652
f 591 652 651
f 592 593 653
f 592 653 652
f 593 594 654
f 593 654 653
f 594 595 655
f 594 655 654
f 595 596 656
f 595 656 655
f 596 597 657
f 596 657 656
f 597 598 658
f 597 658 657
f 598 599 659
f 598 659 658
f 599 600 660
f 599 660 659
f 600 541 601
f 600 601 660
f 601 602 662
f 601 662 661
f 602 603 663
f 602 663 662
f 603 604 664
f 603 664 663
f 604 605 665
f 604 665 664
f 605 606 666
f 605 666 665
f 606 607 667
f 606 667 666
f 607 608 668
f 607 668 667
f 608 609 669
f 608 669 668
f 609 610 670
f 609 670 669
f 610 611 671
f 610 671 670
f 611 612 672
f 611 672 671
f 612 613 673
f 612 673 672
f 613 614 674
f 613 674 673
f 614 615 675
f 614 675 674
f 615 616 676
f 615 676 675
f 616 617 677
f 616 677 676
f 617 618 678
f 617 678 677
f 618 619 679
f 618 679 678
f 619 620 680
f 619 680 679
f 620 621 681
f 620 681 680
f 621 622 682
f 621 682 681
f 622 623 683
f 622 683 682
f 623 624 684
f 623 684 683
f 624 625 685
f 624 685 684
f 625 626 686
f 625 686 685
f 626 627 687
f 626 687 686
f 627 628 688
f 627 688 687
f 628 629 689
f 628 689 688
f 629 630 690
f 629 690 689
f 630 631 691
f 630 691 690
f 631 632 692
f 631 692 691
f 632 633 693
f 632 693 692
f 633 634 694
f 633 694 693
f 634 635 695
f 634 695 694
f 635 636 696
f 635 696 695
f 636 637 697
f 636 697 696
f 637 638 698
f 637 698 697
f 638 639 699
f 638 699 698
f 639 640 700
f 639 700 699
f 640 641 701
f 640 701 700
f 641 642 702
f 641 702 701
f 642 643 703
f 642 703 702
f 643 644 704
f 643 704 703
f 644 645 705
f 644 705 704
f 645 646 706
f 645 706 705
f 646 647 707
f 646 707 706
f 647 648 708
f 647 708 707
f 648 649 709
f 648 709 708
f 649 650 710
f 649 710 709
f 650 651 711
f 650 711 710
f 651 652 712
f 651 712 711
f 652 653 713
f 652 713 712
f 653 654 714
f 653 714 713
f 654 655 715
f 654 715 714
f 655 656 716
f 655 716 715
f 656 657 717
f 656 717 716
f 657 658 718
f 657 718 717
f 658 659 719
f 658 719 718
f 659 660 720
f 659 720 719
f 660 601 661
f 660 661 720
f 661 662 722
f 661 722 721
f 662 663 723
f 662 723 722
f 663 664 724
f 663 724 723
f 664 665 725
f 664 725 724
f 665 666 726
f 665 726 725
f 666 667 727
f 666 727 726
f 667 668 728
f 667 728 727
f 668 669 729
f 668 729 728
f 669 670 730
f 669 730 729
f 670 671 731
f 670 731 730
f 671 672 732
f 671 732 731
f 672 673 733
f 672 733 732
f 673 674 734
f 673 734 733
f 674 675 735
f 674 735 734
f 675 676 736
f 675 736 735
f 676 677 737
f 676 737 736
f 677 678 738
f 677 738 737
f 678 679 739
f 678 739 738
f 679 680 740
f 679 740 739
f 680 681 741
f 680 741 740
f 681 682 742
f 681 742 741
f 682 683 743
f 682 743 742
f 683 684 744
f 683 744 743
f 684 685 745
f 684 745 744
f 685 686 746
f 685 746 745
f 686 687 747
f 686 747 746
f 687 688 748
f 687 748 747
f 688 689 749
f 688 749 748
f 689 690 750
f 689 750 749
f 690 691 751
f 690 751 750
f 691 692 752
f 691 752 751
f 692 693 753
f 692 753 752
f 693 694 754
f 693 754 753
f 694 695 755
f 694 755 754
f 695 696 756
f 695 756 755
f 696 697 757
f 696 757 756
f 697 698 758
f 697 758 757
f 698 699 759
f 698 759 758
f 699 700 760
f 699 760 759
f 700 701 761
f 700 761 760
f 701 702 762
f 701 762 761
f 702 703 763
f 702 763 762
f 703 704 764
f 703 764 763
f 704 705 765
f 704 765 764
f 705 706 766
f 705 766 765
f 706 707 767
f 706 767 766
f 707 708 768
f 707 768 767
f 708 709 769
f 708 769 768
f 709 710 770
f 709 770 769
f 710 711 771
f 710 771 770
f 711 712 772
f 711 772 771
f 712 713 773
f 712 773 772
f 713 714 774
f 713 774 773
f 714 715 775
f 714 775 774
f 715 716 776
f 715 776 775
f 716 717 777
f 716 777 776
f 717 718 778
f 717 778 777
f 718 719 779
f 718 779 778
f 719 720 780
f 719 780 779
f 720 661 721
f 720 721 780
f 721 722 782
f 721 782 781
f 722 723 783
f 722 783 782
f 723 724 784
f 723 784 783
f 724 725 785
f 724 785 784
f 725 726 786
f 725 786 785
f 726 727 787
f 726 787 786
f 727 728 788
f 727 788 787
f 728 729 789
f 728 789 788
f 729 730 790
f 729 790 789
f 730 731 791
f 730 791 790
f 731 732 792
f 731 792 791
f 732 733 793
f 732 793 792
f 733 734 794
f 733 794 793
f 734 735 795
f 734 795 794
f 735 736 796
f 735 796 795
f 736 737 797
f 736 797 796
f 737 738 798
f 737 798 797
f 738 739 799
f 738 799 798
f 739 740 800
f 739 800 799
f 740 741 801
f 740 801 800
f 741 742 802
f 741 802 801
f 742 743 803
f 742 803 802
f 743 744 804
f 743 804 803
f 744 745 805
f 744 805 804
f 745 746 806
f 745 806 805
f 746 747 807
f 746 807 806
f 747 748 808
f 747 808 807
f 748 749 809
f 748 809 808
f 749 750 810
f 749 810 809
f 750 751 811
f 750 811 810
f 751 752 812
f 751 812 811
f 752 753 813
f 752 813 812
f 753 754 814
f 753 814 813
f 754 755 815
f 754 815 814
f 755 756 816
f 755 816 815
f 756 757 817
f 756 817 816
f 757 758 818
f 757 818 817
f 758 759 819
f 758 819 818
f 759 760 820
f 759 820 819
f 760 761 821
f 760 821 820
f 761 762 822
f 761 822 821
f 762 763 823
f 762 823 822
f 763 764 824
f 763 824 823
f 764 765 825
f 764 825 824
f 765 766 826
f 765 826 825
f 766 767 827
f 766 827 826
f 767 768 828
f 767 828 827
f 768 769 829
f 768 829 828
f 769 770 830
f 769 830 829
f 770 771 831
f 770 831 830
f 771 772 832
f 771 832 831
f 772 773 833
f 772 833 832
f 773 774 834
f 773 834 833
f 774 775 835
f 774 835 834
f 775 776 836
f 775 836 835
f 776 777 837
f 776 837 836
f 777 778 838
f 777 838 837
f 778 779 839
f 778 839 838
f 779 780 840
f 779 840 839
f 780 721 781
f 780 781 840
f 781 782 842
f 781 842 841
f 782 783 843
f 782 843 842
f 783 784 844
f 783 844 843
f 784 785 845
f 784 845 844
f 785 786 846
f 785 846 845
f 786 787 847
f 786 847 846
f 787 788 848
f 787 848 847
f 788 789 849
f 788 849 848
f 789 790 850
f 789 850 849
f 790 791 851
f 790 851 850
f 791 792 852
f 791 852 851
f 792 793 853
f 792 853 852
f 793 794 854
f 793 854 853
f 794 795 855
f 794 855 854
f 795 796 856
f 795 856 855
f 796 797 857
f 796 857 856
f 797 798 858
f 797 858 857
f 798 799 859
f 798 859 858
f 799 800 860
f 799 860 859
f 800 801 861
f 800 861 860
f 801 802 862
f 801 862 861
f 802 803 863
f 802 863 862
f 803 804 864
f 803 864 863
f 804 805 865
f 804 865 864
f 805 806 866
f 805 866 865
f 806 807 867
f 806 867 866
f 807 808 868
f 807 868 867
f 808 809 869
f 808 869 868
f 809 810 870
f 809 870 869
f 810 811 871
f 810 871 870
f 811 812 872
f 811 872 871
f 812 813 873
f 812 873 872
f 813 814 874
f 813 874 873
f 814 815 875
f 814 875 874
f 815 816 876
f 815 876 875
f 816 817 877
f 816 877 876
f 817 818 878
f 817 878 877
f 818 819 879
f 818 879 878
f 819 820 880
f 819 880 879
f 820 821 881
f 820 881 880
f 821 822 882
f 821 882 881
f 822 823 883
f 822 883 882
f 823 824 884
f 823 884 883
f 824 825 885
f 824 885 884
f 825 826 886
f 825 886 885
f 826 827 887
f 826 887 886
f 827 828 888
f 827 888 887
f 828 829 889
f 828 889 888
f 829 830 890
f 829 890 889
f 830 831 891
f 830 891 890
f 831 832 892
f 831 892 891
f 832 833 893
f 832 893 892
f 833 834 894
f 833 894 893
f 834 835 895
f 834 895 894
f 835 836 896
f 835 896 895
f 836 837 897
f 836 897 896
f 837 838 898
f 837 898 897
f 838 839 899
f 838 899 898
f 839 840 900
f 839 900 899
f 840 781 841
f 840 841 900
f 841 842 902
f 841 902 901
f 842 843 903
f 842 903 902
f 843 844 904
f 843 904 903
f 844 845 905
f 844 905 904
f 845 846 906
f 845 906 905
f 846 847 907
f 846 907 906
f 847 848 908
f 847 908 907
f 848 849 909
f 848 909 908
f 849 850 910
f 849 910 909
f 850 851 911
f 850 911 910
f 851 852 912
f 851 912 911
f 852 853 913
f 852 913 912
f 853 854 914
f 853 914 913
f 854 855 915
f 854 915 914
f 855 856 916
f 855 916 915
f 856 857 917
f 856 917 916
f 857 858 918
f 857 918 917
f 858 859 919
f 858 919 918
f 859 860 920
f 859 920 919
f 860 861 921
f 860 921 920
f 861 862 922
f 861 922 921
f 862 863 923
f 862 923 922
f 863 864 924
f 863 924 923
f 864 865 925
f 864 925 924
f 865 866 926
f 865 926 925
f 866 867 927
f 866 927 926
f 867 868 928
f 867 928 927
f 868 869 929
f 868 929 928
f 869 870 930
f 869 930 929
f 870 871 931
f 870 931 930
f 871 872 932
f 871 932 931
f 872 873 933
f 872 933 932
f 873 874 934
f 873 934 933
f 874 875 935
f 874 935 934
f 875 876 936
f 875 936 935
f 876 877 937
f 876 937 936
f 877 878 938
f 877 938 937
f 878 879 939
f 878 939 938
f 879 880 940
f 879 940 939
f 880 881 941
f 880 941 940
f 881 882 942
f 881 942 941
f 882 883 943
f 882 943 942
f 883 884 944
f 883 944 943
f 884 885 945
f 884 945 944
f 885 886 946
f 885 946 945
f 886 887 947
f 886 947 946
f 887 888 948
f 887 948 947
f 888 889 949
f 888 949 948
f 889 890 950
f 889 950 949
f 890 891 951
f 890 951 950
f 891 892 952
f 891 952 951
f 892 893 953
f 892 953 952
f 893 894 954
f 893 954 953
f 894 895 955
f 894 955 954
f 895 896 956
f 895 956 955
f 896 897 957
f 896 957 956
f 897 898 958
f 897 958 957
f 898 899 959
f 898 959 958
f 899 900 960
f 899 960 959
f 900 841 901
f 900 901 960
f 901 902 962
f 901 962 961
f 902 903 963
f 902 963 962
f 903 904 964
f 903 964 963
f 904 905 965
f 904 965 964
f 905 906 966
f 905 966 965
f 906 907 967
f 906 967 966
f 907 908 968
f 907 968 967
f 908 909 969
f 908 969 968
f 909 910 970
f 909 970 969
f 910 911 971
f 910 971 970
f 911 912 972
f 911 972 971
f 912 913 973
f 912 973 972
f 913 914 974
f 913 974 973
f 914 915 975
f 914 975 974
f 915 916 976
f 915 976 975
f 916 917 977
f 916 977 976
f 917 918 978
f 917 978 977
f 918 919 979
f 918 979 978
f 919 920 980
f 919 980 979
f 920 921 981
f 920 981 980
f 921 922 982
f 921 982 981
f 922 923 983
f 922 983 982
f 923 924 984
f 923 984 983
f 924 925 985
f 924 985 984
f 925 926 986
f 925 986 985
f 926 927 987
f 926 987 986
f 927 928 988
f 927 988 987
f 928 929 989
f 928 989 988
f 929 930 990
f 929 990 989
f 930 931 991
f 930 991 990
f 931 932 992
f 931 992 991
f 932 933 993
f 932 993 992
f 933 934 994
f 933 994 993
f 934 935 995
f 934 995 994
f 935 936 996
f 935 996 995
f 936 937 997
f 936 997 996
f 937 938 998
f 937 998 997
f 938 939 999
f 938 999 998
f 939 940 1000
f 939 1000 999
f 940 941 1001
f 940 1001 1000
f 941 942 1002
f 941 1002 1001
f 942 943 1003
f 942 1003 1002
f 943 944 1004
f 943 1004 1003
f 944 945 1005
f 944 1005 1004
f 945 946 1006
f 945 1006 1005
f 946 947 1007
f 946 1007 1006
f 947 948 1008
f 947 1008 1007
f 948 949 1009
f 948 1009 1008
f 949 950 1010
f 949 1010 1009
f 950 951 1011
f 950 1011 1010
f 951 952 1012
f 951 1012 1011
f 952 953 1013
f 952 1013 1012
f 953 954 1014
f 953 1014 1013
f 954 955 1015
f 954 1015 1014
f 955 956 1016
f 955 1016 1015
f 956 957 1017
f 956 1017 1016
f 957 958 1018
f 957 1018 1017
f 958 959 1019
f 958 1019 1018
f 959 960 1020
f 959 1020 1019
f 960 901 961
f 960 961 1020
f 961 962 1022
f 961 1022 1021
f 962 963 1023
f 962 1023 1022
f 963 964 1024
f 963 1024 1023
f 964 965 1025
f 964 1025 1024
f 965 966 1026
f 965 1026 1025
f 966 967 1027
f 966 1027 1026
f 967 968 1028
f 967 1028 1027
f 968 969 1029
f 968 1029 1028
f 969 970 1030
f 969 1030 1029
f 970 971 1031
f 970 1031 1030
f 971 972 1032
f 971 1032 1031
f 972 973 1033
f 972 1033 1032
f 973 974 1034
f 973 1034 1033
f 974 975 1035
f 974 1035 1034
f 975 976 1036
f 975 1036 1035
f 976 977 1037
f 976 1037 1036
f 977 978 1038
f 977 1038 1037
f 978 979 1039
f 978 1039 1038
f 979 980 1040
f 979 1040 1039
f 980 981 1041
f 980 1041 1040
f 981 982 1042
f 981 1042 1041
f 982 983 1043
f 982 1043 1042
f 983 984 1044
f 983 1044 1043
f 984 985 1045
f 984 1045 1044
f 985 986 1046
f 985 1046 1045
f 986 987 1047
f 986 1047 1046
f 987 988 1048
f 987 1048 1047
f 988 989 1049
f 988 1049 1048
f 989 990 1050
f 989 1050 1049
f 990 991 1051
f 990 1051 1050
f 991 992 1052
f 991 1052 1051
f 992 993 1053
f 992 1053 1052
f 993 994 1054
f 993 1054 1053
f 994 995 1055
f 994 1055 1054
f 995 996 1056
f 995 1056 1055
f 996 997 1057
f 996 1057 1056
f 997 998 1058
f 997 1058 1057
f 998 999 1059
f 998 1059 1058
f 999 1000 1060
f 999 1060 1059
f 1000 1001 1061
f 1000 1061 1060
f 1001 1002 1062
f 1001 1062 1061
f 1002 1003 1063
f 1002 1063 1062
f 1003 1004 1064
f 1003 1064 1063
f 1004 1005 1065
f 1004 1065 1064
f 1005 1006 1066
f 1005 1066 1065
f 1006 1007 1067
f 1006 1067 1066
f 1007 1008 1068
f 1007 1068 1067
f 1008 1009 1069
f 1008 1069 1068
f 1009 1010 1070
f 1009 1070 1069
f 1010 1011 1071
f 1010 1071 1070
f 1011 1012 1072
f 1011 1072 1071
f 1012 1013 1073
f 1012 1073 1072
f 1013 1014 1074
f 1013 1074 1073
f 1014 1015 1075
f 1014 1075 1074
f 1015 1016 1076
f 1015 1076 1075
f 1016 1017 1077
f 1016 1077 1076
f 1017 1018 1078
f 1017 1078 1077
f 1018 1019 1079
f 1018 1079 1078
f 1019 1020 1080
f 1019 1080 1079
f 1020 961 1021
f 1020 1021 1080
f 1021 1022 1082
f 1021 1082 1081
f 1022 1023 1083
f 1022 1083 1082
f 1023 1024 1084
f 1023 1084 1083
f 1024 1025 1085
f 1024 1085 1084
f 1025 1026 1086
f 1025 1086 1085
f 1026 1027 1087
f 1026 1087 1086
f 1027 1028 1088
f 1027 1088 1087
f 1028 1029 1089
f 1028 1089 1088
f 1029 1030 1090
f 1029 1090 1089
f 1030 1031 1091
f 1030 1091 1090
f 1031 1032 1092
f 1031 1092 1091
f 1032 1033 1093
f 1032 1093 1092
f 1033 1034 1094
f 1033 1094 1093
f 1034 1035 1095
f 1034 1095 1094
f 1035 1036 1096
f 1035 1096 1095
f 1036 1037 1097
f 1036 1097 1096
f 1037 1038 1098
f 1037 1098 1097
f 1038 1039 1099
f 1038 1099 1098
f 1039 1040 1100
f 1039 1100 1099
f 1040 1041 1101
f 1040 1101 1100
f 1041 1042 1102
f 1041 1102 1101
f 1042 1043 1103
f 1042 1103 1102
f 1043 1044 1104
f 1043 1104 1103
f 1044 1045 1105
f 1044 1105 1104
f 1045 1046 1106
f 1045 1106 1105
f 1046 1047 1107
f 1046 1107 1106
f 1047 1048 1108
f 1047 1108 1107
f 1048 1049 1109
f 1048 1109 1108
f 1049 1050 1110
f 1049 1110 1109
f 1050 1051 1111
f 1050 1111 1110
f 1051 1052 1112
f 1051 1112 1111
f 1052 1053 1113
f 1052 1113 1112
f 1053 1054 1114
f 1053 1114 1113
f 1054 1055 1115
f 1054 1115 1114
f 1055 1056 1116
f 1055 1116 1115
f 1056 1057 1117
f 1056 1117 1116
f 1057 1058 1118
f 1057 1118 1117
f 1058 1059 1119
f 1058 1119 1118
f 1059 1060 1120
f 1059 1120 1119
f 1060 1061 1121
f 1060 1121 1120
f 1061 1062 1122
f 1061 1122 1121
f 1062 1063 1123
f 1062 1123 1122
f 1063 1064 1124
f 1063 1124 1123
f 1064 1065 1125
f 1064 1125 1124
f 1065 1066 1126
f 1065 1126 1125
f 1066 1067 1127
f 1066 1127 1126
f 1067 1068 1128
f 1067 1128 1127
f 1068 1069 1129
f 1068 1129 1128
f 1069 1070 1130
f 1069 1130 1129
f 1070 1071 1131
f 1070 1131 1130
f 1071 1072 1132
f 1071 1132 1131
f 1072 1073 1133
f 1072 1133 1132
f 1073 1074 1134
f 1073 1134 1133
f 1074 1075 1135
f 1074 1135 1134
f 1075 1076 1136
f 1075 1136 1135
f 1076 1077 1137
f 1076 1137 1136
f 1077 1078 1138
f 1077 1138 1137
f 1078 1079 1139
f 1078 1139 1138
f 1079 1080 1140
f 1079 1140 1139
f 1080 1021 1081
f 1080 1081 1140
f 1081 1082 1142
f 1081 1142 1141
f 1082 1083 1143
f 1082 1143 1142
f 1083 1084 1144
f 1083 1144 1143
f 1084 1085 1145
f 1084 1145 1144
f 1085 1086 1146
f 1085 1146 1145
f 1086 1087 1147
f 1086 1147 1146
f 1087 1088 1148
f 1087 1148 1147
f 1088 1089 1149
f 1088 1149 1148
f 1089 1090 1150
f 1089 1150 1149
f 1090 1091 1151
f 1090 1151 1150
f 1091 1092 1152
f 1091 1152 1151
f 1092 1093 1153
f 1092 1153 1152
f 1093 1094 1154
f 1093 1154 1153
f 1094 1095 1155
f 1094 1155 1154
f 1095 1096 1156
f 1095 1156 1155
f 1096 1097 1157
f 1096 1157 1156
f 1097 1098 1158
f 1097 1158 1157
f 1098 1099 1159
f 1098 1159 1158
f 1099 1100 1160
f 1099 1160 1159
f 1100 1101 1161
f 1100 1161 1160
f 1101 1102 1162
f 1101 1162 1161
f 1102 1103 1163
f 1102 1163 1162
f 1103 1104 1164
f 1103 1164 1163
f 1104 1105 1165
f 1104 1165 1164
f 1105 1106 1166
f 1105 1166 1165
f 1106 1107 1167
f 1106 1167 1166
f 1107 1108 1168
f 1107 1168 1167
f 1108 1109 1169
f 1108 1169 1168
f 1109 1110 1170
f 1109 1170 1169
f 1110 1111 1171
f 1110 1171 1170
f 1111 1112 1172
f 1111 1172 1171
f 1112 1113 1173
f 1112 1173 1172
f 1113 1114 1174
f 1113 1174 1173
f 1114 1115 1175
f 1114 1175 1174
f 1115 1116 1176
f 1115 1176 1175
f 1116 1117 1177
f 1116 1177 1176
f 1117 1118 1178
f 1117 1178 1177
f 1118 1119 1179
f 1118 1179 1178
f 1119 1120 1180
f 1119 1180 1179
f 1120 1121 1181
f 1120 1181 1180
f 1121 1122 1182
f 1121 1182 1181
f 1122 1123 1183
f 1122 1183 1182
f 1123 1124 1184
f 1123 1184 1183
f 1124 1125 1185
f 1124 1185 1184
f 1125 1126 1186
f 1125 1186 1185
f 1126 1127 1187
f 1126 1187 1186
f 1127 1128 1188
f 1127 1188 1187
f 1128 1129 1189
f 1128 1189 1188
f 1129 1130 1190
f 1129 1190 1189
f 1130 1131 1191
f 1130 1191 1190
f 1131 1132 1192
f 1131 1192 1191
f 1132 1133 1193
f 1132 1193 1192
f 1133 1134 1194
f 1133 1194 1193
f 1134 1135 1195
f 1134 1195 1194
f 1135 1136 1196
f 1135 1196 1195
f 1136 1137 1197
f 1136 1197 1196
f 1137 1138 1198
f 1137 1198 1197
f 1138 1139 1199
f 1138 1199 1198
f 1139 1140 1200
f 1139 1200 1199
f 1140 1081 1141
f 1140 1141 1200
f 1141 1142 1202
f 1141 1202 1201
f 1142 1143 1203
f 1142 1203 1202
f 1143 1144 1204
f 1143 1204 1203
f 1144 1145 1205
f 1144 1205 1204
f 1145 1146 1206
f 1145 1206 1205
f 1146 1147 1207
f 1146 1207 1206
f 1147 1148 1208
f 1147 1208 1207
f 1148 1149 1209
f 1148 1209 1208
f 1149 1150 1210
f 1149 1210 1209
f 1150 1151 1211
f 1150 1211 1210
f 1151 1152 1212
f 1151 1212 1211
f 1152 1153 1213
f 1152 1213 1212
f 1153 1154 1214
f 1153 1214 1213
f 1154 1155 1215
f 1154 1215 1214
f 1155 1156 1216
f 1155 1216 1215
f 1156 1157 1217
f 1156 1217 1216
f 1157 1158 1218
f 1157 1218 1217
f 1158 1159 1219
f 1158 1219 1218
f 1159 1160 1220
f 1159 1220 1219
f 1160 1161 1221
f 1160 1221 1220
f 1161 1162 1222
f 1161 1222 1221
f 1162 1163 1223
f 1162 1223 1222
f 1163 1164 1224
f 1163 1224 1223
f 1164 1165 1225
f 1164 1225 1224
f 1165 1166 1226
f 1165 1226 1225
f 1166 1167 1227
f 1166 1227 1226
f 1167 1168 1228
f 1167 1228 1227
f 1168 1169 1229
f 1168 1229 1228
f 1169 1170 1230
f 1169 1230 1229
f 1170 1171 1231
f 1170 1231 1230
f 1171 1172 1232
f 1171 1232 1231
f 1172 1173 1233
f 1172 1233 1232
f 1173 1174 1234
f 1173 1234 1233
f 1174 1175 1235
f 1174 1235 1234
f 1175 1176 1236
f 1175 1236 1235
f 1176 1177 1237
f 1176 1237 1236
f 1177 1178 1238
f 1177 1238 1237
f 1178 1179 1239
f 1178 1239 1238
f 1179 1180 1240
f 1179 1240 1239
f 1180 1181 1241
f 1180 1241 1240
f 1181 1182 1242
f 1181 1242 1241
f 1182 1183 1243
f 1182 1243 1242
f 1183 1184 1244
f 1183 1244 1243
f 1184 1185 1245
f 1184 1245 1244
f 1185 1186 1246
f 1185 1246 1245
f 1186 1187 1247
f 1186 1247 1246
f 1187 1188 1248
f 1187 1248 1247
f 1188 1189 1249
f 1188 1249 1248
f 1189 1190 1250
f 1189 1250 1249
f 1190 1191 1251
f 1190 1251 1250
f 1191 1192 1252
f 1191 1252 1251
f 1192 1193 1253
f 1192 1253 1252
f 1193 1194 1254
f 1193 1254 1253
f 1194 1195 1255
f 1194 1255 1254
f 1195 1196 1256
f 1195 1256 1255
f 1196 1197 1257
f 1196 1257 1256
f 1197 1198 1258
f 1197 1258 1257
f 1198 1199 1259
f 1198 1259 1258
f 1199 1200 1260
f 1199 1260 1259
f 1200 1141 1201
f 1200 1201 1260
f 1201 1202 1262
f 1201 1262 1261
f 1202 1203 1263
f 1202 1263 1262
f 1203 1204 1264
f 1203 1264 1263
f 1204 1205 1265
f 1204 1265 1264
f 1205 1206 1266
f 1205 1266 1265
f 1206 1207 1267
f 1206 1267 1266
f 1207 1208 1268
f 1207 1268 1267
f 1208 1209 1269
f 1208 1269 1268
f 1209 1210 1270
f 1209 1270 1269
f 1210 1211 1271
f 1210 1271 1270
f 1211 1212 1272
f 1211 1272 1271
f 1212 1213 1273
f 1212 1273 1272
f 1213 1214 1274
f 1213 1274 1273
f 1214 1215 1275
f 1214 1275 1274
f 1215 1216 1276
f 1215 1276 1275
f 1216 1217 1277
f 1216 1277 1276
f 1217 1218 1278
f 1217 1278 1277
f 1218 1219 1279
f 1218 1279 1278
f 1219 1220 1280
f 1219 1280 1279
f 1220 1221 1281
f 1220 1281 1280
f 1221 1222 1282
f 1221 1282 1281
f 1222 1223 1283
f 1222 1283 1282
f 1223 1224 1284
f 1223 1284 1283
f 1224 1225 1285
f 1224 1285 1284
f 1225 1226 1286
f 1225 1286 1285
f 1226 1227 1287
f 1226 1287 1286
f 1227 1228 1288
f 1227 1288 1287
f 1228 1229 1289
f 1228 1289 1288
f 1229 1230 1290
f 1229 1290 1289
f 1230 1231 1291
f 1230 1291 1290
f 1231 1232 1292
f 1231 1292 1291
f 1232 1233 1293
f 1232 1293 1292
f 1233 1234 1294
f 1233 1294 1293
f 1234 1235 1295
f 1234 1295 1294
f 1235 1236 1296
f 1235 1296 1295
f 1236 1237 1297
f 1236 1297 1296
f 1237 1238 1298
f 1237 1298 1297
f 1238 1239 1299
f 1238 1299 1298
f 1239 1240 1300
f 1239 1300 1299
f 1240 1241 1301
f 1240 1301 1300
f 1241 1242 1302
f 1241 1302 1301
f 1242 1243 1303
f 1242 1303 1302
f 1243 1244 1304
f 1243 1304 1303
f 1244 1245 1305
f 1244 1305 1304
f 1245 1246 1306
f 1245 1306 1305
f 1246 1247 1307
f 1246 1307 1306
f 1247 1248 1308
f 1247 1308 1307
f 1248 1249 1309
f 1248 1309 1308
f 1249 1250 1310
f 1249 1310 1309
f 1250 1251 1311
f 1250 1311 1310
f 1251 1252 1312
f 1251 1312 1311
f 1252 1253 1313
f 1252 1313 1312
f 1253 1254 1314
f 1253 1314 1313
f 1254 1255 1315
f 1254 1315 1314
f 1255 1256 1316
f 1255 1316 1315
f 1256 1257 1317
f 1256 1317 1316
f 1257 1258 1318
f 1257 1318 1317
f 1258 1259 1319
f 1258 1319 1318
f 1259 1260 1320
f 1259 1320 1319
f 1260 1201 1261
f 1260 1261 1320
f 1261 1262 1322
f 1261 1322 1321
f 1262 1263 1323
f 1262 1323 1322
f 1263 1264 1324
f 1263 1324 1323
f 1264 1265 1325
f 1264 1325 1324
f 1265 1266 1326
f 1265 1326 1325
f 1266 1267 1327
f 1266 1327 1326
f 1267 1268 1328
f 1267 1328 1327
f 1268 1269 1329
f 1268 1329 1328
f 1269 1270 1330
f 1269 1330 1329
f 1270 1271 1331
f 1270 1331 1330
f 1271 1272 1332
f 1271 1332 1331
f 1272 1273 1333
f 1272 1333 1332
f 1273 1274 1334
f 1273 1334 1333
f 1274 1275 1335
f 1274 1335 1334
f 1275 1276 1336
f 1275 1336 1335
f 1276 1277 1337
f 1276 1337 1336
f 1277 1278 1338
f 1277 1338 1337
f 1278 1279 1339
f 1278 1339 1338
f 1279 1280 1340
f 1279 1340 1339
f 1280 1281 1341
f 1280 1341 1340
f 1281 1282 1342
f 1281 1342 1341
f 1282 1283 1343
f 1282 1343 1342
f 1283 1284 1344
f 1283 1344 1343
f 1284 1285 1345
f 1284 1345 1344
f 1285 1286 1346
f 1285 1346 1345
f 1286 1287 1347
f 1286 1347 1346
f 1287 1288 1348
f 1287 1348 1347
f 1288 1289 1349
f 1288 1349 1348
f 1289 1290 1350
f 1289 1350 1349
f 1290 1291 1351
f 1290 1351 1350
f 1291 1292 1352
f 1291 1352 1351
f 1292 1293 1353
f 1292 1353 1352
f 1293 1294 1354
f 1293 1354 1353
f 1294 1295 1355
f 1294 1355 1354
f 1295 1296 1356
f 1295 1356 1355
f 1296 1297 1357
f 1296 1357 1356
f 1297 1298 1358
f 1297 1358 1357
f 1298 1299 1359
f 1298 1359 1358
f 1299 1300 1360
f 1299 1360 1359
f 1300 1301 1361
f 1300 1361 1360
f 1301 1302 1362
f 1301 1362 1361
f 1302 1303 1363
f 1302 1363 1362
f 1303 1304 1364
f 1303 1364 1363
f 1304 1305 1365
f 1304 1365 1364
f 1305 1306 1366
f 1305 1366 1365
f 1306 1307 1367
f 1306 1367 1366
f 1307 1308 1368
f 1307 1368 1367
f 1308 1309 1369
f 1308 1369 1368
f 1309 1310 1370
f 1309 1370 1369
f 1310 1311 1371
f 1310 1371 1370
f 1311 1312 1372
f 1311 1372 1371
f 1312 1313 1373
f 1312 1373 1372
f 1313 1314 1374
f 1313 1374 1373
f 1314 1315 1375
f 1314 1375 1374
f 1315 1316 1376
f 1315 1376 1375
f 1316 1317 1377
f 1316 1377 1376
f 1317 1318 1378
f 1317 1378 1377
f 1318 1319 1379
f 1318 1379 1378
f 1319 1320 1380
f 1319 1380 1379
f 1320 1261 1321
f 1320 1321 1380
f 1321 1322 1382
f 1321 1382 1381
f 1322 1323 1383
f 1322 1383 1382
f 1323 1324 1384
f 1323 1384 1383
f 1324 1325 1385
f 1324 1385 1384
f 1325 1326 1386
f 1325 1386 1385
f 1326 1327 1387
f 1326 1387 1386
f 1327 1328 1388
f 1327 1388 1387
f 1328 1329 1389
f 1328 1389 1388
f 1329 1330 1390
f 1329 1390 1389
f 1330 1331 1391
f 1330 1391 1390
f 1331 1332 1392
f 1331 1392 1391
f 1332 1333 1393
f 1332 1393 1392
f 1333 1334 1394
f 1333 1394 1393
f 1334 1335 1395
f 1334 1395 1394
f 1335 1336 1396
f 1335 1396 1395
f 1336 1337 1397
f 1336 1397 1396
f 1337 1338 1398
f 1337 1398 1397
f 1338 1339 1399
f 1338 1399 1398
f 1339 1340 1400
f 1339 1400 1399
f 1340 1341 1401
f 1340 1401 1400
f 1341 1342 1402
f 1341 1402 1401
f 1342 1343 1403
f 1342 1403 1402
f 1343 1344 1404
f 1343 1404 1403
f 1344 1345 1405
f 1344 1405 1404
f 1345 1346 1406
f 1345 1406 1405
f 1346 1347 1407
f 1346 1407 1406
f 1347 1348 1408
f 1347 1408 1407
f 1348 1349 1409
f 1348 1409 1408
f 1349 1350 1410
f 1349 1410 1409
f 1350 1351 1411
f 1350 1411 1410
f 1351 1352 1412
f 1351 1412 1411
f 1352 1353 1413
f 1352 1413 1412
f 1353 1354 1414
f 1353 1414 1413
f 1354 1355 1415
f 1354 1415 1414
f 1355 1356 1416
f 1355 1416 1415
f 1356 1357 1417
f 1356 1417 1416
f 1357 1358 1418
f 1357 1418 1417
f 1358 1359 1419
f 1358 1419 1418
f 1359 1360 1420
f 1359 1420 1419
f 1360 1361 1421
f 1360 1421 1420
f 1361 1362 1422
f 1361 1422 1421
f 1362 1363 1423
f 1362 1423 1422
f 1363 1364 1424
f 1363 1424 1423
f 1364 1365 1425
f 1364 1425 1424
f 1365 1366 1426
f 1365 1426 1425
f 1366 1367 1427
f 1366 1427 1426
f 1367 1368 1428
f 1367 1428 1427
f 1368 1369 1429
f 1368 1429 1428
f 1369 1370 1430
f 1369 1430 1429
f 1370 1371 1431
f 1370 1431 1430
f 1371 1372 1432
f 1371 1432 1431
f 1372 1373 1433
f 1372 1433 1432
f 1373 1374 1434
f 1373 1434 1433
f 1374 1375 1435
f 1374 1435 1434
f 1375 1376 1436
f 1375 1436 1435
f 1376 1377 1437
f 1376 1437 1436
f 1377 1378 1438
f 1377 1438 1437
f 1378 1379 1439
f 1378 1439 1438
f 1379 1380 1440
f 1379 1440 1439
f 1380 1321 1381
f 1380 1381 1440
f 1381 1382 1442
f 1381 1442 1441
f 1382 1383 1443
f 1382 1443 1442
f 1383 1384 1444
f 1383 1444 1443
f 1384 1385 1445
f 1384 1445 1444
f 1385 1386 1446
f 1385 1446 1445
f 1386 1387 1447
f 1386 1447 1446
f 1387 1388 1448
f 1387 1448 1447
f 1388 1389 1449
f 1388 1449 1448
f 1389 1390 1450
f 1389 1450 1449
f 1390 1391 1451
f 1390 1451 1450
f 1391 1392 1452
f 1391 1452 1451
f 1392 1393 1453
f 1392 1453 1452
f 1393 1394 1454
f 1393 1454 1453
f 1394 1395 1455
f 1394 1455 1454
f 1395 1396 1456
f 1395 1456 1455
f 1396 1397 1457
f 1396 1457 1456
f 1397 1398 1458
f 1397 1458 1457
f 1398 1399 1459
f 1398 1459 1458
f 1399 1400 1460
f 1399 1460 1459
f 1400 1401 1461
f 1400 1461 1460
f 1401 1402 1462
f 1401 1462 1461
f 1402 1403 1463
f 1402 1463 1462
f 1403 1404 1464
f 1403 1464 1463
f 1404 1405 1465
f 1404 1465 1464
f 1405 1406 1466
f 1405 1466 1465
f 1406 1407 1467
f 1406 1467 1466
f 1407 1408 1468
f 1407 1468 1467
f 1408 1409 1469
f 1408 1469 1468
f 1409 1410 1470
f 1409 1470 1469
f 1410 1411 1471
f 1410 1471 1470
f 1411 1412 1472
f 1411 1472 1471
f 1412 1413 1473
f 1412 1473 1472
f 1413 1414 1474
f 1413 1474 1473
f 1414 1415 1475
f 1414 1475 1474
f 1415 1416 1476
f 1415 1476 1475
f 1416 1417 1477
f 1416 1477 1476
f 1417 1418 1478
f 1417 1478 1477
f 1418 1419 1479
f 1418 1479 1478
f 1419 1420 1480
f 1419 1480 1479
f 1420 1421 1481
f 1420 1481 1480
f 1421 1422 1482
f 1421 1482 1481
f 1422 1423 1483
f 1422 1483 1482
f 1423 1424 1484
f 1423 1484 1483
f 1424 1425 1485
f 1424 1485 1484
f 1425 1426 1486
f 1425 1486 1485
f 1426 1427 1487
f 1426 1487 1486
f 1427 1428 1488
f 1427 1488 1487
f 1428 1429 1489
f 1428 1489 1488
f 1429 1430 1490
f 1429 1490 1489
f 1430 1431 1491
f 1430 1491 1490
f 1431 1432 1492
f 1431 1492 1491
f 1432 1433 1493
f 1432 1493 1492
f 1433 1434 1494
f 1433 1494 1493
f 1434 1435 1495
f 1434 1495 1494
f 1435 1436 1496
f 1435 1496 1495
f 1436 1437 1497
f 1436 1497 1496
f 1437 1438 1498
f 1437 1498 1497
f 1438 1439 1499
f 1438 1499 1498
f 1439 1440 1500
f 1439 1500 1499
f 1440 1381 1441
f 1440 1441 1500
f 1441 1442 1502
f 1441 1502 1501
f 1442 1443 1503
f 1442 1503 1502
f 1443 1444 1504
f 1443 1504 1503
f 1444 1445 1505
f 1444 1505 1504
f 1445 1446 1506
f 1445 1506 1505
f 1446 1447 1507
f 1446 1507 1506
f 1447 1448 1508
f 1447 1508 1507
f 1448 1449 1509
f 1448 1509 1508
f 1449 1450 1510
f 1449 1510 1509
f 1450 1451 1511
f 1450 1511 1510
f 1451 1452 1512
f 1451 1512 1511
f 1452 1453 1513
f 1452 1513 1512
f 1453 1454 1514
f 1453 1514 1513
f 1454 1455 1515
f 1454 1515 1514
f 1455 1456 1516
f 1455 1516 1515
f 1456 1457 1517
f 1456 1517 1516
f 1457 1458 1518
f 1457 1518 1517
f 1458 1459 1519
f 1458 1519 1518
f 1459 1460 1520
f 1459 1520 1519
f 1460 1461 1521
f 1460 1521 1520
f 1461 1462 1522
f 1461 1522 1521
f 1462 1463 1523
f 1462 1523 1522
f 1463 1464 1524
f 1463 1524 1523
f 1464 1465 1525
f 1464 1525 1524
f 1465 1466 1526
f 1465 1526 1525
f 1466 1467 1527
f 1466 1527 1526
f 1467 1468 1528
f 1467 1528 1527
f 1468 1469 1529
f 1468 1529 1528
f 1469 1470 1530
f 1469 1530 1529
f 1470 1471 1531
f 1470 1531 1530
f 1471 1472 1532
f 1471 1532 1531
f 1472 1473 1533
f 1472 1533 1532
f 1473 1474 1534
f 1473 1534 1533
f 1474 1475 1535
f 1474 1535 1534
f 1475 1476 1536
f 1475 1536 1535
f 1476 1477 1537
f 1476 1537 1536
f 1477 1478 1538
f 1477 1538 1537
f 1478 1479 1539
f 1478 1539 1538
f 1479 1480 1540
f 1479 1540 1539
f 1480 1481 1541
f 1480 1541 1540
f 1481 1482 1542
f 1481 1542 1541
f 1482 1483 1543
f 1482 1543 1542
f 1483 1484 1544
f 1483 1544 1543
f 1484 1485 1545
f 1484 1545 1544
f 1485 1486 1546
f 1485 1546 1545
f 1486 1487 1547
f 1486 1547 1546
f 1487 1488 1548
f 1487 1548 1547
f 1488 1489 1549
f 1488 1549 1548
f 1489 1490 1550
f 1489 1550 1549
f 1490 1491 1551
f 1490 1551 1550
f 1491 1492 1552
f 1491 1552 1551
f 1492 1493 1553
f 1492 1553 1552
f 1493 1494 1554
f 1493 1554 1553
f 1494 1495 1555
f 1494 1555 1554
f 1495 1496 1556
f 1495 1556 1555
f 1496 1497 1557
f 1496 1557 1556
f 1497 1498 1558
f 1497 1558 1557
f 1498 1499 1559
f 1498 1559 1558
f 1499 1500 1560
f 1499 1560 1559
f 1500 1441 1501
f 1500 1501 1560
f 1501 1502 1562
f 1501 1562 1561
f 1502 1503 1563
f 1502 1563 1562
f 1503 1504 1564
f 1503 1564 1563
f 1504 1505 1565
f 1504 1565 1564
f 1505 1506 1566
f 1505 1566 1565
f 1506 1507 1567
f 1506 1567 1566
f 1507 1508 1568
f 1507 1568 1567
f 1508 1509 1569
f 1508 1569 1568
f 1509 1510 1570
f 1509 1570 1569
f 1510 1511 1571
f 1510 1571 1570
f 1511 1512 1572
f 1511 1572 1571
f 1512 1513 1573
f 1512 1573 1572
f 1513 1514 1574
f 1513 1574 1573
f 1514 1515 1575
f 1514 1575 1574
f 1515 1516 1576
f 1515 1576 1575
f 1516 1517 1577
f 1516 1577 1576
f 1517 1518 1578
f 1517 1578 1577
f 1518 1519 1579
f 1518 1579 1578
f 1519 1520 1580
f 1519 1580 1579
f 1520 1521 1581
f 1520 1581 1580
f 1521 1522 1582
f 1521 1582 1581
f 1522 1523 1583
f 1522 1583 1582
f 1523 1524 1584
f 1523 1584 1583
f 1524 1525 1585
f 1524 1585 1584
f 1525 1526 1586
f 1525 1586 1585
f 1526 1527 1587
f 1526 1587 1586
f 1527 1528 1588
f 1527 1588 1587
f 1528 1529 1589
f 1528 1589 1588
f 1529 1530 1590
f 1529 1590 1589
f 1530 1531 1591
f 1530 1591 1590
f 1531 1532 1592
f 1531 1592 1591
f 1532 1533 1593
f 1532 1593 1592
f 1533 1534 1594
f 1533 1594 1593
f 1534 1535 1595
f 1534 1595 1594
f 1535 1536 1596
f 1535 1596 1595
f 1536 1537 1597
f 1536 1597 1596
f 1537 1538 1598
f 1537 1598 1597
f 1538 1539 1599
f 1538 1599 1598
f 1539 1540 1600
f 1539 1600 1599
f 1540 1541 1601
f 1540 1601 1600
f 1541 1542 1602
f 1541 1602 1601
f 1542 1543 1603
f 1542 1603 1602
f 1543 1544 1604
f 1543 1604 1603
f 1544 1545 1605
f 1544 1605 1604
f 1545 1546 1606
f 1545 1606 1605
f 1546 1547 1607
f 1546 1607 1606
f 1547 1548 1608
f 1547 1608 1607
f 1548 1549 1609
f 1548 1609 1608
f 1549 1550 1610
f 1549 1610 1609
f 1550 1551 1611
f 1550 1611 1610
f 1551 1552 1612
f 1551 1612 1611
f 1552 1553 1613
f 1552 1613 1612
f 1553 1554 1614
f 1553 1614 1613
f 1554 1555 1615
f 1554 1615 1614
f 1555 1556 1616
f 1555 1616 1615
f 1556 1557 1617
f 1556 1617 1616
f 1557 1558 1618
f 1557 1618 1617
f 1558 1559 1619
f 1558 1619 1618
f 1559 1560 1620
f 1559 1620 1619
f 1560 1501 1561
f 1560 1561 1620
f 1561 1562 1622
f 1561 1622 1621
f 1562 1563 1623
f 1562 1623 1622
f 1563 1564 1624
f 1563 1624 1623
f 1564 1565 1625
f 1564 1625 1624
f 1565 1566 1626
f 1565 1626 1625
f 1566 1567 1627
f 1566 1627 1626
f 1567 1568 1628
f 1567 1628 1627
f 1568 1569 1629
f 1568 1629 1628
f 1569 1570 1630
f 1569 1630 1629
f 1570 1571 1631
f 1570 1631 1630
f 1571 1572 1632
f 1571 1632 1631
f 1572 1573 1633
f 1572 1633 1632
f 1573 1574 1634
f 1573 1634 1633
f 1574 1575 1635
f 1574 1635 1634
f 1575 1576 1636
f 1575 1636 1635
f 1576 1577 1637
f 1576 1637 1636
f 1577 1578 1638
f 1577 1638 1637
f 1578 1579 1639
f 1578 1639 1638
f 1579 1580 1640
f 1579 1640 1639
f 1580 1581 1641
f 1580 1641 1640
f 1581 1582 1642
f 1581 1642 1641
f 1582 1583 1643
f 1582 1643 1642
f 1583 1584 1644
f 1583 1644 1643
f 1584 1585 1645
f 1584 1645 1644
f 1585 1586 1646
f 1585 1646 1645
f 1586 1587 1647
f 1586 1647 1646
f 1587 1588 1648
f 1587 1648 1647
f 1588 1589 1649
f 1588 1649 1648
f 1589 1590 1650
f 1589 1650 1649
f 1590 1591 1651
f 1590 1651 1650
f 1591 1592 1652
f 1591 1652 1651
f 1592 1593 1653
f 1592 1653 1652
f 1593 1594 1654
f 1593 1654 1653
f 1594 1595 1655
f 1594 1655 1654
f 1595 1596 1656
f 1595 1656 1655
f 1596 1597 1657
f 1596 1657 1656
f 1597 1598 1658
f 1597 1658 1657
f 1598 1599 1659
f 1598 1659 1658
f 1599 1600 1660
f 1599 1660 1659
f 1600 1601 1661
f 1600 1661 1660
f 1601 1602 1662
f 1601 1662 1661
f 1602 1603 1663
f 1602 1663 1662
f 1603 1604 1664
f 1603 1664 1663
f 1604 1605 1665
f 1604 1665 1664
f 1605 1606 1666
f 1605 1666 1665
f 1606 1607 1667
f 1606 1667 1666
f 1607 1608 1668
f 1607 1668 1667
f 1608 1609 1669
f 1608 1669 1668
f 1609 1610 1670
f 1609 1670 1669
f 1610 1611 1671
f 1610 1671 1670
f 1611 1612 1672
f 1611 1672 1671
f 1612 1613 1673
f 1612 1673 1672
f 1613 1614 1674
f 1613 1674 1673
f 1614 1615 1675
f 1614 1675 1674
f 1615 1616 1676
f 1615 1676 1675
f 1616 1617 1677
f 1616 1677 1676
f 1617 1618 1678
f 1617 1678 1677
f 1618 1619 1679
f 1618 1679 1678
f 1619 1620 1680
f 1619 1680 1679
f 1620 1561 1621
f 1620 1621 1680
f 1621 1622 1682
f 1621 1682 1681
f 1622 1623 1683
f 1622 1683 1682
f 1623 1624 1684
f 1623 1684 1683
f 1624 1625 1685
f 1624 1685 1684
f 1625 1626 1686
f 1625 1686 1685
f 1626 1627 1687
f 1626 1687 1686
f 1627 1628 1688
f 1627 1688 1687
f 1628 1629 1689
f 1628 1689 1688
f 1629 1630 1690
f 1629 1690 1689
f 1630 1631 1691
f 1630 1691 1690
f 1631 1632 1692
f 1631 1692 1691
f 1632 1633 1693
f 1632 1693 1692
f 1633 1634 1694
f 1633 1694 1693
f 1634 1635 1695
f 1634 1695 1694
f 1635 1636 1696
f 1635 1696 1695
f 1636 1637 1697
f 1636 1697 1696
f 1637 1638 1698
f 1637 1698 1697
f 1638 1639 1699
f 1638 1699 1698
f 1639 1640 1700
f 1639 1700 1699
f 1640 1641 1701
f 1640 1701 1700
f 1641 1642 1702
f 1641 1702 1701
f 1642 1643 1703
f 1642 1703 1702
f 1643 1644 1704
f 1643 1704 1703
f 1644 1645 1705
f 1644 1705 1704
f 1645 1646 1706
f 1645 1706 1705
f 1646 1647 1707
f 1646 1707 1706
f 1647 1648 1708
f 1647 1708 1707
f 1648 1649 1709
f 1648 1709 1708
f 1649 1650 1710
f 1649 1710 1709
f 1650 1651 1711
f 1650 1711 1710
f 1651 1652 1712
f 1651 1712 1711
f 1652 1653 1713
f 1652 1713 1712
f 1653 1654 1714
f 1653 1714 1713
f 1654 1655 1715
f 1654 1715 1714
f 1655 1656 1716
f 1655 1716 1715
f 1656 1657 1717
f 1656 1717 1716
f 1657 1658 1718
f 1657 1718 1717
f 1658 1659 1719
f 1658 1719 1718
f 1659 1660 1720
f 1659 1720 1719
f 1660 1661 1721
f 1660 1721 1720
f 1661 1662 1722
f 1661 1722 1721
f 1662 1663 1723
f 1662 1723 1722
f 1663 1664 1724
f 1663 1724 1723
f 1664 1665 1725
f 1664 1725 1724
f 1665 1666 1726
f 1665 1726 1725
f 1666 1667 1727
f 1666 1727 1726
f 1667 1668 1728
f 1667 1728 1727
f 1668 1669 1729
f 1668 1729 1728
f 1669 1670 1730
f 1669 1730 1729
f 1670 1671 1731
f 1670 1731 1730
f 1671 1672 1732
f 1671 1732 1731
f 1672 1673 1733
f 1672 1733 1732
f 1673 1674 1734
f 1673 1734 1733
f 1674 1675 1735
f 1674 1735 1734
f 1675 1676 1736
f 1675 1736 1735
f 1676 1677 1737
f 1676 1737 1736
f 1677 1678 1738
f 1677 1738 1737
f 1678 1679 1739
f 1678 1739 1738
f 1679 1680 1740
f 1679 1740 1739
f 1680 1621 1681
f 1680 1681 1740
f 1681 1682 1742
f 1681 1742 1741
f 1682 1683 1743
f 1682 1743 1742
f 1683 1684 1744
f 1683 1744 1743
f 1684 1685 1745
f 1684 1745 1744
f 1685 1686 1746
f 1685 1746 1745
f 1686 1687 1747
f 1686 1747 1746
f 1687 1688 1748
f 1687 1748 1747
f 1688 1689 1749
f 1688 1749 1748
f 1689 1690 1750
f 1689 1750 1749
f 1690 1691 1751
f 1690 1751 1750
f 1691 1692 1752
f 1691 1752 1751
f 1692 1693 1753
f 1692 1753 1752
f 1693 1694 1754
f 1693 1754 1753
f 1694 1695 1755
f 1694 1755 1754
f 1695 1696 1756
f 1695 1756 1755
f 1696 1697 1757
f 1696 1757 1756
f 1697 1698 1758
f 1697 1758 1757
f 1698 1699 1759
f 1698 1759 1758
f 1699 1700 1760
f 1699 1760 1759
f 1700 1701 1761
f 1700 1761 1760
f 1701 1702 1762
f 1701 1762 1761
f 1702 1703 1763
f 1702 1763 1762
f 1703 1704 1764
f 1703 1764 1763
f 1704 1705 1765
f 1704 1765 1764
f 1705 1706 1766
f 1705 1766 1765
f 1706 1707 1767
f 1706 1767 1766
f 1707 1708 1768
f 1707 1768 1767
f 1708 1709 1769
f 1708 1769 1768
f 1709 1710 1770
f 1709 1770 1769
f 1710 1711 1771
f 1710 1771 1770
f 1711 1712 1772
f 1711 1772 1771
f 1712 1713 1773
f 1712 1773 1772
f 1713 1714 1774
f 1713 1774 1773
f 1714 1715 1775
f 1714 1775 1774
f 1715 1716 1776
f 1715 1776 1775
f 1716 1717 1777
f 1716 1777 1776
f 1717 1718 1778
f 1717 1778 1777
f 1718 1719 1779
f 1718 1779 1778
f 1719 1720 1780
f 1719 1780 1779
f 1720 1721 1781
f 1720 1781 1780
f 1721 1722 1782
f 1721 1782 1781
f 1722 1723 1783
f 1722 1783 1782
f 1723 1724 1784
f 1723 1784 1783
f 1724 1725 1785
f 1724 1785 1784
f 1725 1726 1786
f 1725 1786 1785
f 1726 1727 1787
f 1726 1787 1786
f 1727 1728 1788
f 1727 1788 1787
f 1728 1729 1789
f 1728 1789 1788
f 1729 1730 1790
f 1729 1790 1789
f 1730 1731 1791
f 1730 1791 1790
f 1731 1732 1792
f 1731 1792 1791
f 1732 1733 1793
f 1732 1793 1792
f 1733 1734 1794
f 1733 1794 1793
f 1734 1735 1795
f 1734 1795 1794
f 1735 1736 1796
f 1735 1796 1795
f 1736 1737 1797
f 1736 1797 1796
f 1737 1738 1798
f 1737 1798 1797
f 1738 1739 1799
f 1738 1799 1798
f 1739 1740 1800
f 1739 1800 1799
f 1740 1681 1741
f 1740 1741 1800
f 1741 1742 1802
f 1741 1802 1801
f 1742 1743 1803
f 1742 1803 1802
f 1743 1744 1804
f 1743 1804 1803
f 1744 1745 1805
f 1744 1805 1804
f 1745 1746 1806
f 1745 1806 1805
f 1746 1747 1807
f 1746 1807 1806
f 1747 1748 1808
f 1747 1808 1807
f 1748 1749 1809
f 1748 1809 1808
f 1749 1750 1810
f 1749 1810 1809
f 1750 1751 1811
f 1750 1811 1810
f 1751 1752 1812
f 1751 1812 1811
f 1752 1753 1813
f 1752 1813 1812
f 1753 1754 1814
f 1753 1814 1813
f 1754 1755 1815
f 1754 1815 1814
f 1755 1756 1816
f 1755 1816 1815
f 1756 1757 1817
f 1756 1817 1816
f 1757 1758 1818
f 1757 1818 1817
f 1758 1759 1819
f 1758 1819 1818
f 1759 1760 1820
f 1759 1820 1819
f 1760 1761 1821
f 1760 1821 1820
f 1761 1762 1822
f 1761 1822 1821
f 1762 1763 1823
f 1762 1823 1822
f 1763 1764 1824
f 1763 1824 1823
f 1764 1765 1825
f 1764 1825 1824
f 1765 1766 1826
f 1765 1826 1825
f 1766 1767 1827
f 1766 1827 1826
f 1767 1768 1828
f 1767 1828 1827
f 1768 1769 1829
f 1768 1829 1828
f 1769 1770 1830
f 1769 1830 1829
f 1770 1771 1831
f 1770 1831 1830
f 1771 1772 1832
f 1771 1832 1831
f 1772 1773 1833
f 1772 1833 1832
f 1773 1774 1834
f 1773 1834 1833
f 1774 1775 1835
f 1774 1835 1834
f 1775 1776 1836
f 1775 1836 1835
f 1776 1777 1837
f 1776 1837 1836
f 1777 1778 1838
f 1777 1838 1837
f 1778 1779 1839
f 1778 1839 1838
f 1779 1780 1840
f 1779 1840 1839
f 1780 1781 1841
f 1780 1841 1840
f 1781 1782 1842
f 1781 1842 1841
f 1782 1783 1843
f 1782 1843 1842
f 1783 1784 1844
f 1783 1844 1843
f 1784 1785 1845
f 1784 1845 1844
f 1785 1786 1846
f 1785 1846 1845
f 1786 1787 1847
f 1786 1847 1846
f 1787 1788 1848
f 1787 1848 1847
f 1788 1789 1849
f 1788 1849 1848
f 1789 1790 1850
f 1789 1850 1849
f 1790 1791 1851
f 1790 1851 1850
f 1791 1792 1852
f 1791 1852 1851
f 1792 1793 1853
f 1792 1853 1852
f 1793 1794 1854
f 1793 1854 1853
f 1794 1795 1855
f 1794 1855 1854
f 1795 1796 1856
f 1795 1856 1855
f 1796 1797 1857
f 1796 1857 1856
f 1797 1798 1858
f 1797 1858 1857
f 1798 1799 1859
f 1798 1859 1858
f 1799 1800 1860
f 1799 1860 1859
f 1800 1741 1801
f 1800 1801 1860
f 1801 1802 1862
f 1801 1862 1861
f 1802 1803 1863
f 1802 1863 1862
f 1803 1804 1864
f 1803 1864 1863
f 1804 1805 1865
f 1804 1865 1864
f 1805 1806 1866
f 1805 1866 1865
f 1806 1807 1867
f 1806 1867 1866
f 1807 1808 1868
f 1807 1868 1867
f 1808 1809 1869
f 1808 1869 1868
f 1809 1810 1870
f 1809 1870 1869
f 1810 1811 1871
f 1810 1871 1870
f 1811 1812 1872
f 1811 1872 1871
f 1812 1813 1873
f 1812 1873 1872
f 1813 1814 1874
f 1813 1874 1873
f 1814 1815 1875
f 1814 1875 1874
f 1815 1816 1876
f 1815 1876 1875
f 1816 1817 1877
f 1816 1877 1876
f 1817 1818 1878
f 1817 1878 1877
f 1818 1819 1879
f 1818 1879 1878
f 1819 1820 1880
f 1819 1880 1879
f 1820 1821 1881
f 1820 1881 1880
f 1821 1822 1882
f 1821 1882 1881
f 1822 1823 1883
f 1822 1883 1882
f 1823 1824 1884
f 1823 1884 1883
f 1824 1825 1885
f 1824 1885 1884
f 1825 1826 1886
f 1825 1886 1885
f 1826 1827 1887
f 1826 1887 1886
f 1827 1828 1888
f 1827 1888 1887
f 1828 1829 1889
f 1828 1889 1888
f 1829 1830 1890
f 1829 1890 1889
f 1830 1831 1891
f 1830 1891 1890
f 1831 1832 1892
f 1831 1892 1891
f 1832 1833 1893
f 1832 1893 1892
f 1833 1834 1894
f 1833 1894 1893
f 1834 1835 1895
f 1834 1895 1894
f 1835 1836 1896
f 1835 1896 1895
f 1836 1837 1897
f 1836 1897 1896
f 1837 1838 1898
f 1837 1898 1897
f 1838 1839 1899
f 1838 1899 1898
f 1839 1840 1900
f 1839 1900 1899
f 1840 1841 1901
f 1840 1901 1900
f 1841 1842 1902
f 1841 1902 1901
f 1842 1843 1903
f 1842 1903 1902
f 1843 1844 1904
f 1843 1904 1903
f 1844 1845 1905
f 1844 1905 1904
f 1845 1846 1906
f 1845 1906 1905
f 1846 1847 1907
f 1846 1907 1906
f 1847 1848 1908
f 1847 1908 1907
f 1848 1849 1909
f 1848 1909 1908
f 1849 1850 1910
f 1849 1910 1909
f 1850 1851 1911
f 1850 1911 1910
f 1851 1852 1912
f 1851 1912 1911
f 1852 1853 1913
f 1852 1913 1912
f 1853 1854 1914
f 1853 1914 1913
f 1854 1855 1915
f 1854 1915 1914
f 1855 1856 1916
f 1855 1916 1915
f 1856 1857 1917
f 1856 1917 1916
f 1857 1858 1918
f 1857 1918 1917
f 1858 1859 1919
f 1858 1919 1918
f 1859 1860 1920
f 1859 1920 1919
f 1860 1801 1861
f 1860 1861 1920
f 1861 1862 1922
f 1861 1922 1921
f 1862 1863 1923
f 1862 1923 1922
f 1863 1864 1924
f 1863 1924 1923
f 1864 1865 1925
f 1864 1925 1924
f 1865 1866 1926
f 1865 1926 1925
f 1866 1867 1927
f 1866 1927 1926
f 1867 1868 1928
f 1867 1928 1927
f 1868 1869 1929
f 1868 1929 1928
f 1869 1870 1930
f 1869 1930 1929
f 1870 1871 1931
f 1870 1931 1930
f 1871 1872 1932
f 1871 1932 1931
f 1872 1873 1933
f 1872 1933 1932
f 1873 1874 1934
f 1873 1934 1933
f 1874 1875 1935
f 1874 1935 1934
f 1875 1876 1936
f 1875 1936 1935
f 1876 1877 1937
f 1876 1937 1936
f 1877 1878 1938
f 1877 1938 1937
f 1878 1879 1939
f 1878 1939 1938
f 1879 1880 1940
f 1879 1940 1939
f 1880 1881 1941
f 1880 1941 1940
f 1881 1882 1942
f 1881 1942 1941
f 1882 1883 1943
f 1882 1943 1942
f 1883 1884 1944
f 1883 1944 1943
f 1884 1885 1945
f 1884 1945 1944
f 1885 1886 1946
f 1885 1946 1945
f 1886 1887 1947
f 1886 1947 1946
f 1887 1888 1948
f 1887 1948 1947
f 1888 1889 1949
f 1888 1949 1948
f 1889 1890 1950
f 1889 1950 1949
f 1890 1891 1951
f 1890 1951 1950
f 1891 1892 1952
f 1891 1952 1951
f 1892 1893 1953
f 1892 1953 1952
f 1893 1894 1954
f 1893 1954 1953
f 1894 1895 1955
f 1894 1955 1954
f 1895 1896 1956
f 1895 1956 1955
f 1896 1897 1957
f 1896 1957 1956
f 1897 1898 1958
f 1897 1958 1957
f 1898 1899 1959
f 1898 1959 1958
f 1899 1900 1960
f 1899 1960 1959
f 1900 1901 1961
f 1900 1961 1960
f 1901 1902 1962
f 1901 1962 1961
f 1902 1903 1963
f 1902 1963 1962
f 1903 1904 1964
f 1903 1964 1963
f 1904 1905 1965
f 1904 1965 1964
f 1905 1906 1966
f 1905 1966 1965
f 1906 1907 1967
f 1906 1967 1966
f 1907 1908 1968
f 1907 1968 1967
f 1908 1909 1969
f 1908 1969 1968
f 1909 1910 1970
f 1909 1970 1969
f 1910 1911 1971
f 1910 1971 1970
f 1911 1912 1972
f 1911 1972 1971
f 1912 1913 1973
f 1912 1973 1972
f 1913 1914 1974
f 1913 1974 1973
f 1914 1915 1975
f 1914 1975 1974
f 1915 1916 1976
f 1915 1976 1975
f 1916 1917 1977
f 1916 1977 1976
f 1917 1918 1978
f 1917 1978 1977
f 1918 1919 1979
f 1918 1979 1978
f 1919 1920 1980
f 1919 1980 1979
f 1920 1861 1921
f 1920 1921 1980
f 1921 1922 1982
f 1921 1982 1981
f 1922 1923 1983
f 1922 1983 1982
f 1923 1924 1984
f 1923 1984 1983
f 1924 1925 1985
f 1924 1985 1984
f 1925 1926 1986
f 1925 1986 1985
f 1926 1927 1987
f 1926 1987 1986
f 1927 1928 1988
f 1927 1988 1987
f 1928 1929 1989
f 1928 1989 1988
f 1929 1930 1990
f 1929 1990 1989
f 1930 1931 1991
f 1930 1991 1990
f 1931 1932 1992
f 1931 1992 1991
f 1932 1933 1993
f 1932 1993 1992
f 1933 1934 1994
f 1933 1994 1993
f 1934 1935 1995
f 1934 1995 1994
f 1935 1936 1996
f 1935 1996 1995
f 1936 1937 1997
f 1936 1997 1996
f 1937 1938 1998
f 1937 1998 1997
f 1938 1939 1999
f 1938 1999 1998
f 1939 1940 2000
f 1939 2000 1999
f 1940 1941 2001
f 1940 2001 2000
f 1941 1942 2002
f 1941 2002 2001
f 1942 1943 2003
f 1942 2003 2002
f 1943 1944 2004
f 1943 2004 2003
f 1944 1945 2005
f 1944 2005 2004
f 1945 1946 2006
f 1945 2006 2005
f 1946 1947 2007
f 1946 2007 2006
f 1947 1948 2008
f 1947 2008 2007
f 1948 1949 2009
f 1948 2009 2008
f 1949 1950 2010
f 1949 2010 2009
f 1950 1951 2011
f 1950 2011 2010
f 1951 1952 2012
f 1951 2012 2011
f 1952 1953 2013
f 1952 2013 2012
f 1953 1954 2014
f 1953 2014 2013
f 1954 1955 2015
f 1954 2015 2014
f 1955 1956 2016
f 1955 2016 2015
f 1956 1957 2017
f 1956 2017 2016
f 1957 1958 2018
f 1957 2018 2017
f 1958 1959 2019
f 1958 2019 2018
f 1959 1960 2020
f 1959 2020 2019
f 1960 1961 2021
f 1960 2021 2020
f 1961 1962 2022
f 1961 2022 2021
f 1962 1963 2023
f 1962 2023 2022
f 1963 1964 2024
f 1963 2024 2023
f 1964 1965 2025
f 1964 2025 2024
f 1965 1966 2026
f 1965 2026 2025
f 1966 1967 2027
f 1966 2027 2026
f 1967 1968 2028
f 1967 2028 2027
f 1968 1969 2029
f 1968 2029 2028
f 1969 1970 2030
f 1969 2030 2029
f 1970 1971 2031
f 1970 2031 2030
f 1971 1972 2032
f 1971 2032 2031
f 1972 1973 2033
f 1972 2033 2032
f 1973 1974 2034
f 1973 2034 2033
f 1974 1975 2035
f 1974 2035 2034
f 1975 1976 2036
f 1975 2036 2035
f 1976 1977 2037
f 1976 2037 2036
f 1977 1978 2038
f 1977 2038 2037
f 1978 1979 2039
f 1978 2039 2038
f 1979 1980 2040
f 1979 2040 2039
f 1980 1921 1981
f 1980 1981 2040
f 1981 1982 2042
f 1981 2042 2041
f 1982 1983 2043
f 1982 2043 2042
f 1983 1984 2044
f 1983 2044 2043
f 1984 1985 2045
f 1984 2045 2044
f 1985 1986 2046
f 1985 2046 2045
f 1986 1987 2047
f 1986 2047 2046
f 1987 1988 2048
f 1987 2048 2047
f 1988 1989 2049
f 1988 2049 2048
f 1989 1990 2050
f 1989 2050 2049
f 1990 1991 2051
f 1990 2051 2050
f 1991 1992 2052
f 1991 2052 2051
f 1992 1993 2053
f 1992 2053 2052
f 1993 1994 2054
f 1993 2054 2053
f 1994 1995 2055
f 1994 2055 2054
f 1995 1996 2056
f 1995 2056 2055
f 1996 1997 2057
f 1996 2057 2056
f 1997 1998 2058
f 1997 2058 2057
f 1998 1999 2059
f 1998 2059 2058
f 1999 2000 2060
f 1999 2060 2059
f 2000 2001 2061
f 2000 2061 2060
f 2001 2002 2062
f 2001 2062 2061
f 2002 2003 2063
f 2002 2063 2062
f 2003 2004 2064
f 2003 2064 2063
f 2004 2005 2065
f 2004 2065 2064
f 2005 2006 2066
f 2005 2066 2065
f 2006 2007 2067
f 2006 2067 2066
f 2007 2008 2068
f 2007 2068 2067
f 2008 2009 2069
f 2008 2069 2068
f 2009 2010 2070
f 2009 2070 2069
f 2010 2011 2071
f 2010 2071 2070
f 2011 2012 2072
f 2011 2072 2071
f 2012 2013 2073
f 2012 2073 2072
f 2013 2014 2074
f 2013 2074 2073
f 2014 2015 2075
f 2014 2075 2074
f 2015 2016 2076
f 2015 2076 2075
f 2016 2017 2077
f 2016 2077 2076
f 2017 2018 2078
f 2017 2078 2077
f 2018 2019 2079
f 2018 2079 2078
f 2019 2020 2080
f 2019 2080 2079
f 2020 2021 2081
f 2020 2081 2080
f 2021 2022 2082
f 2021 2082 2081
f 2022 2023 2083
f 2022 2083 2082
f 2023 2024 2084
f 2023 2084 2083
f 2024 2025 2085
f 2024 2085 2084
f 2025 2026 2086
f 2025 2086 2085
f 2026 2027 2087
f 2026 2087 2086
f 2027 2028 2088
f 2027 2088 2087
f 2028 2029 2089
f 2028 2089 2088
f 2029 2030 2090
f 2029 2090 2089
f 2030 2031 2091
f 2030 2091 2090
f 2031 2032 2092
f 2031 2092 2091
f 2032 2033 2093
f 2032 2093 2092
f 2033 2034 2094
f 2033 2094 2093
f 2034 2035 2095
f 2034 2095 2094
f 2035 2036 2096
f 2035 2096 2095
f 2036 2037 2097
f 2036 2097 2096
f 2037 2038 2098
f 2037 2098 2097
f 2038 2039 2099
f 2038 2099 2098
f 2039 2040 2100
f 2039 2100 2099
f 2040 1981 2041
f 2040 2041 2100
f 2041 2042 2102
f 2041 2102 2101
f 2042 2043 2103
f 2042 2103 2102
f 2043 2044 2104
f 2043 2104 2103
f 2044 2045 2105
f 2044 2105 2104
f 2045 2046 2106
f 2045 2106 2105
f 2046 2047 2107
f 2046 2107 2106
f 2047 2048 2108
f 2047 2108 2107
f 2048 2049 2109
f 2048 2109 2108
f 2049 2050 2110
f 2049 2110 2109
f 2050 2051 2111
f 2050 2111 2110
f 2051 2052 2112
f 2051 2112 2111
f 2052 2053 2113
f 2052 2113 2112
f 2053 2054 2114
f 2053 2114 2113
f 2054 2055 2115
f 2054 2115 2114
f 2055 2056 2116
f 2055 2116 2115
f 2056 2057 2117
f 2056 2117 2116
f 2057 2058 2118
f 2057 2118 2117
f 2058 2059 2119
f 2058 2119 2118
f 2059 2060 2120
f 2059 2120 2119
f 2060 2061 2121
f 2060 2121 2120
f 2061 2062 2122
f 2061 2122 2121
f 2062 2063 2123
f 2062 2123 2122
f 2063 2064 2124
f 2063 2124 2123
f 2064 2065 2125
f 2064 2125 2124
f 2065 2066 2126
f 2065 2126 2125
f 2066 2067 2127
f 2066 2127 2126
f 2067 2068 2128
f 2067 2128 2127
f 2068 2069 2129
f 2068 2129 2128
f 2069 2070 2130
f 2069 2130 2129
f 2070 2071 2131
f 2070 2131 2130
f 2071 2072 2132
f 2071 2132 2131
f 2072 2073 2133
f 2072 2133 2132
f 2073 2074 2134
f 2073 2134 2133
f 2074 2075 2135
f 2074 2135 2134
f 2075 2076 2136
f 2075 2136 2135
f 2076 2077 2137
f 2076 2137 2136
f 2077 2078 2138
f 2077 2138 2137
f 2078 2079 2139
f 2078 2139 2138
f 2079 2080 2140
f 2079 2140 2139
f 2080 2081 2141
f 2080 2141 2140
f 2081 2082 2142
f 2081 2142 2141
f 2082 2083 2143
f 2082 2143 2142
f 2083 2084 2144
f 2083 2144 2143
f 2084 2085 2145
f 2084 2145 2144
f 2085 2086 2146
f 2085 2146 2145
f 2086 2087 2147
f 2086 2147 2146
f 2087 2088 2148
f 2087 2148 2147
f 2088 2089 2149
f 2088 2149 2148
f 2089 2090 2150
f 2089 2150 2149
f 2090 2091 2151
f 2090 2151 2150
f 2091 2092 2152
f 2091 2152 2151
f 2092 2093 2153
f 2092 2153 2152
f 2093 2094 2154
f 2093 2154 2153
f 2094 2095 2155
f 2094 2155 2154
f 2095 2096 2156
f 2095 2156 2155
f 2096 2097 2157
f 2096 2157 2156
f 2097 2098 2158
f 2097 2158 2157
f 2098 2099 2159
f 2098 2159 2158
f 2099 2100 2160
f 2099 2160 2159
f 2100 2041 2101
f 2100 2101 2160
f 2101 2102 2162
f 2101 2162 2161
f 2102 2103 2163
f 2102 2163 2162
f 2103 2104 2164
f 2103 2164 2163
f 2104 2105 2165
f 2104 2165 2164
f 2105 2106 2166
f 2105 2166 2165
f 2106 2107 2167
f 2106 2167 2166
f 2107 2108 2168
f 2107 2168 2167
f 2108 2109 2169
f 2108 2169 2168
f 2109 2110 2170
f 2109 2170 2169
f 2110 2111 2171
f 2110 2171 2170
f 2111 2112 2172
f 2111 2172 2171
f 2112 2113 2173
f 2112 2173 2172
f 2113 2114 2174
f 2113 2174 2173
f 2114 2115 2175
f 2114 2175 2174
f 2115 2116 2176
f 2115 2176 2175
f 2116 2117 2177
f 2116 2177 2176
f 2117 2118 2178
f 2117 2178 2177
f 2118 2119 2179
f 2118 2179 2178
f 2119 2120 2180
f 2119 2180 2179
f 2120 2121 2181
f 2120 2181 2180
f 2121 2122 2182
f 2121 2182 2181
f 2122 2123 2183
f 2122 2183 2182
f 2123 2124 2184
f 2123 2184 2183
f 2124 2125 2185
f 2124 2185 2184
f 2125 2126 2186
f 2125 2186 2185
f 2126 2127 2187
f 2126 2187 2186
f 2127 2128 2188
f 2127 2188 2187
f 2128 2129 2189
f 2128 2189 2188
f 2129 2130 2190
f 2129 2190 2189
f 2130 2131 2191
f 2130 2191 2190
f 2131 2132 2192
f 2131 2192 2191
f 2132 2133 2193
f 2132 2193 2192
f 2133 2134 2194
f 2133 2194 2193
f 2134 2135 2195
f 2134 2195 2194
f 2135 2136 2196
f 2135 2196 2195
f 2136 2137 2197
f 2136 2197 2196
f 2137 2138 2198
f 2137 2198 2197
f 2138 2139 2199
f 2138 2199 2198
f 2139 2140 2200
f 2139 2200 2199
f 2140 2141 2201
f 2140 2201 2200
f 2141 2142 2202
f 2141 2202 2201
f 2142 2143 2203
f 2142 2203 2202
f 2143 2144 2204
f 2143 2204 2203
f 2144 2145 2205
f 2144 2205 2204
f 2145 2146 2206
f 2145 2206 2205
f 2146 2147 2207
f 2146 2207 2206
f 2147 2148 2208
f 2147 2208 2207
f 2148 2149 2209
f 2148 2209 2208
f 2149 2150 2210
f 2149 2210 2209
f 2150 2151 2211
f 2150 2211 2210
f 2151 2152 2212
f 2151 2212 2211
f 2152 2153 2213
f 2152 2213 2212
f 2153 2154 2214
f 2153 2214 2213
f 2154 2155 2215
f 2154 2215 2214
f 2155 2156 2216
f 2155 2216 2215
f 2156 2157 2217
f 2156 2217 2216
f 2157 2158 2218
f 2157 2218 2217
f 2158 2159 2219
f 2158 2219 2218
f 2159 2160 2220
f 2159 2220 2219
f 2160 2101 2161
f 2160 2161 2220
f 2161 2162 2222
f 2161 2222 2221
f 2162 2163 2223
f 2162 2223 2222
f 2163 2164 2224
f 2163 2224 2223
f 2164 2165 2225
f 2164 2225 2224
f 2165 2166 2226
f 2165 2226 2225
f 2166 2167 2227
f 2166 2227 2226
f 2167 2168 2228
f 2167 2228 2227
f 2168 2169 2229
f 2168 2229 2228
f 2169 2170 2230
f 2169 2230 2229
f 2170 2171 2231
f 2170 2231 2230
f 2171 2172 2232
f 2171 2232 2231
f 2172 2173 2233
f 2172 2233 2232
f 2173 2174 2234
f 2173 2234 2233
f 2174 2175 2235
f 2174 2235 2234
f 2175 2176 2236
f 2175 2236 2235
f 2176 2177 2237
f 2176 2237 2236
f 2177 2178 2238
f 2177 2238 2237
f 2178 2179 2239
f 2178 2239 2238
f 2179 2180 2240
f 2179 2240 2239
f 2180 2181 2241
f 2180 2241 2240
f 2181 2182 2242
f 2181 2242 2241
f 2182 2183 2243
f 2182 2243 2242
f 2183 2184 2244
f 2183 2244 2243
f 2184 2185 2245
f 2184 2245 2244
f 2185 2186 2246
f 2185 2246 2245
f 2186 2187 2247
f 2186 2247 2246
f 2187 2188 2248
f 2187 2248 2247
f 2188 2189 2249
f 2188 2249 2248
f 2189 2190 2250
f 2189 2250 2249
f 2190 2191 2251
f 2190 2251 2250
f 2191 2192 2252
f 2191 2252 2251
f 2192 2193 2253
f 2192 2253 2252
f 2193 2194 2254
f 2193 2254 2253
f 2194 2195 2255
f 2194 2255 2254
f 2195 2196 2256
f 2195 2256 2255
f 2196 2197 2257
f 2196 2257 2256
f 2197 2198 2258
f 2197 2258 2257
f 2198 2199 2259
f 2198 2259 2258
f 2199 2200 2260
f 2199 2260 2259
f 2200 2201 2261
f 2200 2261 2260
f 2201 2202 2262
f 2201 2262 2261
f 2202 2203 2263
f 2202 2263 2262
f 2203 2204 2264
f 2203 2264 2263
f 2204 2205 2265
f 2204 2265 2264
f 2205 2206 2266
f 2205 2266 2265
f 2206 2207 2267
f 2206 2267 2266
f 2207 2208 2268
f 2207 2268 2267
f 2208 2209 2269
f 2208 2269 2268
f 2209 2210 2270
f 2209 2270 2269
f 2210 2211 2271
f 2210 2271 2270
f 2211 2212 2272
f 2211 2272 2271
f 2212 2213 2273
f 2212 2273 2272
f 2213 2214 2274
f 2213 2274 2273
f 2214 2215 2275
f 2214 2275 2274
f 2215 2216 2276
f 2215 2276 2275
f 2216 2217 2277
f 2216 2277 2276
f 2217 2218 2278
f 2217 2278 2277
f 2218 2219 2279
f 2218 2279 2278
f 2219 2220 2280
f 2219 2280 2279
f 2220 2161 2221
f 2220 2221 2280
f 2221 2222 2282
f 2221 2282 2281
f 2222 2223 2283
f 2222 2283 2282
f 2223 2224 2284
f 2223 2284 2283
f 2224 2225 2285
f 2224 2285 2284
f 2225 2226 2286
f 2225 2286 2285
f 2226 2227 2287
f 2226 2287 2286
f 2227 2228 2288
f 2227 2288 2287
f 2228 2229 2289
f 2228 2289 2288
f 2229 2230 2290
f 2229 2290 2289
f 2230 2231 2291
f 2230 2291 2290
f 2231 2232 2292
f 2231 2292 2291
f 2232 2233 2293
f 2232 2293 2292
f 2233 2234 2294
f 2233 2294 2293
f 2234 2235 2295
f 2234 2295 2294
f 2235 2236 2296
f 2235 2296 2295
f 2236 2237 2297
f 2236 2297 2296
f 2237 2238 2298
f 2237 2298 2297
f 2238 2239 2299
f 2238 2299 2298
f 2239 2240 2300
f 2239 2300 2299
f 2240 2241 2301
f 2240 2301 2300
f 2241 2242 2302
f 2241 2302 2301
f 2242 2243 2303
f 2242 2303 2302
f 2243 2244 2304
f 2243 2304 2303
f 2244 2245 2305
f 2244 2305 2304
f 2245 2246 2306
f 2245 2306 2305
f 2246 2247 2307
f 2246 2307 2306
f 2247 2248 2308
f 2247 2308 2307
f 2248 2249 2309
f 2248 2309 2308
f 2249 2250 2310
f 2249 2310 2309
f 2250 2251 2311
f 2250 2311 2310
f 2251 2252 2312
f 2251 2312 2311
f 2252 2253 2313
f 2252 2313 2312
f 2253 2254 2314
f 2253 2314 2313
f 2254 2255 2315
f 2254 2315 2314
f 2255 2256 2316
f 2255 2316 2315
f 2256 2257 2317
f 2256 2317 2316
f 2257 2258 2318
f 2257 2318 2317
f 2258 2259 2319
f 2258 2319 2318
f 2259 2260 2320
f 2259 2320 2319
f 2260 2261 2321
f 2260 2321 2320
f 2261 2262 2322
f 2261 2322 2321
f 2262 2263 2323
f 2262 2323 2322
f 2263 2264 2324
f 2263 2324 2323
f 2264 2265 2325
f 2264 2325 2324
f 2265 2266 2326
f 2265 2326 2325
f 2266 2267 2327
f 2266 2327 2326
f 2267 2268 2328
f 2267 2328 2327
f 2268 2269 2329
f 2268 2329 2328
f 2269 2270 2330
f 2269 2330 2329
f 2270 2271 2331
f 2270 2331 2330
f 2271 2272 2332
f 2271 2332 2331
f 2272 2273 2333
f 2272 2333 2332
f 2273 2274 2334
f 2273 2334 2333
f 2274 2275 2335
f 2274 2335 2334
f 2275 2276 2336
f 2275 2336 2335
f 2276 2277 2337
f 2276 2337 2336
f 2277 2278 2338
f 2277 2338 2337
f 2278 2279 2339
f 2278 2339 2338
f 2279 2280 2340
f 2279 2340 2339
f 2280 2221 2281
f 2280 2281 2340
f 2281 2282 2342
f 2281 2342 2341
f 2282 2283 2343
f 2282 2343 2342
f 2283 2284 2344
f 2283 2344 2343
f 2284 2285 2345
f 2284 2345 2344
f 2285 2286 2346
f 2285 2346 2345
f 2286 2287 2347
f 2286 2347 2346
f 2287 2288 2348
f 2287 2348 2347
f 2288 2289 2349
f 2288 2349 2348
f 2289 2290 2350
f 2289 2350 2349
f 2290 2291 2351
f 2290 2351 2350
f 2291 2292 2352
f 2291 2352 2351
f 2292 2293 2353
f 2292 2353 2352
f 2293 2294 2354
f 2293 2354 2353
f 2294 2295 2355
f 2294 2355 2354
f 2295 2296 2356
f 2295 2356 2355
f 2296 2297 2357
f 2296 2357 2356
f 2297 2298 2358
f 2297 2358 2357
f 2298 2299 2359
f 2298 2359 2358
f 2299 2300 2360
f 2299 2360 2359
f 2300 2301 2361
f 2300 2361 2360
f 2301 2302 2362
f 2301 2362 2361
f 2302 2303 2363
f 2302 2363 2362
f 2303 2304 2364
f 2303 2364 2363
f 2304 2305 2365
f 2304 2365 2364
f 2305 2306 2366
f 2305 2366 2365
f 2306 2307 2367
f 2306 2367 2366
f 2307 2308 2368
f 2307 2368 2367
f 2308 2309 2369
f 2308 2369 2368
f 2309 2310 2370
f 2309 2370 2369
f 2310 2311 2371
f 2310 2371 2370
f 2311 2312 2372
f 2311 2372 2371
f 2312 2313 2373
f 2312 2373 2372
f 2313 2314 2374
f 2313 2374 2373
f 2314 2315 2375
f 2314 2375 2374
f 2315 2316 2376
f 2315 2376 2375
f 2316 2317 2377
f 2316 2377 2376
f 2317 2318 2378
f 2317 2378 2377
f 2318 2319 2379
f 2318 2379 2378
f 2319 2320 2380
f 2319 2380 2379
f 2320 2321 2381
f 2320 2381 2380
f 2321 2322 2382
f 2321 2382 2381
f 2322 2323 2383
f 2322 2383 2382
f 2323 2324 2384
f 2323 2384 2383
f 2324 2325 2385
f 2324 2385 2384
f 2325 2326 2386
f 2325 2386 2385
f 2326 2327 2387
f 2326 2387 2386
f 2327 2328 2388
f 2327 2388 2387
f 2328 2329 2389
f 2328 2389 2388
f 2329 2330 2390
f 2329 2390 2389
f 2330 2331 2391
f 2330 2391 2390
f 2331 2332 2392
f 2331 2392 2391
f 2332 2333 2393
f 2332 2393 2392
f 2333 2334 2394
f 2333 2394 2393
f 2334 2335 2395
f 2334 2395 2394
f 2335 2336 2396
f 2335 2396 2395
f 2336 2337 2397
f 2336 2397 2396
f 2337 2338 2398
f 2337 2398 2397
f 2338 2339 2399
f 2338 2399 2398
f 2339 2340 2400
f 2339 2400 2399
f 2340 2281 2341
f 2340 2341 2400
f 2341 2342 2402
f 2341 2402 2401
f 2342 2343 2403
f 2342 2403 2402
f 2343 2344 2404
f 2343 2404 2403
f 2344 2345 2405
f 2344 2405 2404
f 2345 2346 2406
f 2345 2406 2405
f 2346 2347 2407
f 2346 2407 2406
f 2347 2348 2408
f 2347 2408 2407
f 2348 2349 2409
f 2348 2409 2408
f 2349 2350 2410
f 2349 2410 2409
f 2350 2351 2411
f 2350 2411 2410
f 2351 2352 2412
f 2351 2412 2411
f 2352 2353 2413
f 2352 2413 2412
f 2353 2354 2414
f 2353 2414 2413
f 2354 2355 2415
f 2354 2415 2414
f 2355 2356 2416
f 2355 2416 2415
f 2356 2357 2417
f 2356 2417 2416
f 2357 2358 2418
f 2357 2418 2417
f 2358 2359 2419
f 2358 2419 2418
f 2359 2360 2420
f 2359 2420 2419
f 2360 2361 2421
f 2360 2421 2420
f 2361 2362 2422
f 2361 2422 2421
f 2362 2363 2423
f 2362 2423 2422
f 2363 2364 2424
f 2363 2424 2423
f 2364 2365 2425
f 2364 2425 2424
f 2365 2366 2426
f 2365 2426 2425
f 2366 2367 2427
f 2366 2427 2426
f 2367 2368 2428
f 2367 2428 2427
f 2368 2369 2429
f 2368 2429 2428
f 2369 2370 2430
f 2369 2430 2429
f 2370 2371 2431
f 2370 2431 2430
f 2371 2372 2432
f 2371 2432 2431
f 2372 2373 2433
f 2372 2433 2432
f 2373 2374 2434
f 2373 2434 2433
f 2374 2375 2435
f 2374 2435 2434
f 2375 2376 2436
f 2375 2436 2435
f 2376 2377 2437
f 2376 2437 2436
f 2377 2378 2438
f 2377 2438 2437
f 2378 2379 2439
f 2378 2439 2438
f 2379 2380 2440
f 2379 2440 2439
f 2380 2381 2441
f 2380 2441 2440
f 2381 2382 2442
f 2381 2442 2441
f 2382 2383 2443
f 2382 2443 2442
f 2383 2384 2444
f 2383 2444 2443
f 2384 2385 2445
f 2384 2445 2444
f 2385 2386 2446
f 2385 2446 2445
f 2386 2387 2447
f 2386 2447 2446
f 2387 2388 2448
f 2387 2448 2447
f 2388 2389 2449
f 2388 2449 2448
f 2389 2390 2450
f 2389 2450 2449
f 2390 2391 2451
f 2390 2451 2450
f 2391 2392 2452
f 2391 2452 2451
f 2392 2393 2453
f 2392 2453 2452
f 2393 2394 2454
f 2393 2454 2453
f 2394 2395 2455
f 2394 2455 2454
f 2395 2396 2456
f 2395 2456 2455
f 2396 2397 2457
f 2396 2457 2456
f 2397 2398 2458
f 2397 2458 2457
f 2398 2399 2459
f 2398 2459 2458
f 2399 2400 2460
f 2399 2460 2459
f 2400 2341 2401
f 2400 2401 2460
f 2401 2402 2462
f 2401 2462 2461
f 2402 2403 2463
f 2402 2463 2462
f 2403 2404 2464
f 2403 2464 2463
f 2404 2405 2465
f 2404 2465 2464
f 2405 2406 2466
f 2405 2466 2465
f 2406 2407 2467
f 2406 2467 2466
f 2407 2408 2468
f 2407 2468 2467
f 2408 2409 2469
f 2408 2469 2468
f 2409 2410 2470
f 2409 2470 2469
f 2410 2411 2471
f 2410 2471 2470
f 2411 2412 2472
f 2411 2472 2471
f 2412 2413 2473
f 2412 2473 2472
f 2413 2414 2474
f 2413 2474 2473
f 2414 2415 2475
f 2414 2475 2474
f 2415 2416 2476
f 2415 2476 2475
f 2416 2417 2477
f 2416 2477 2476
f 2417 2418 2478
f 2417 2478 2477
f 2418 2419 2479
f 2418 2479 2478
f 2419 2420 2480
f 2419 2480 2479
f 2420 2421 2481
f 2420 2481 2480
f 2421 2422 2482
f 2421 2482 2481
f 2422 2423 2483
f 2422 2483 2482
f 2423 2424 2484
f 2423 2484 2483
f 2424 2425 2485
f 2424 2485 2484
f 2425 2426 2486
f 2425 2486 2485
f 2426 2427 2487
f 2426 2487 2486
f 2427 2428 2488
f 2427 2488 2487
f 2428 2429 2489
f 2428 2489 2488
f 2429 2430 2490
f 2429 2490 2489
f 2430 2431 2491
f 2430 2491 2490
f 2431 2432 2492
f 2431 2492 2491
f 2432 2433 2493
f 2432 2493 2492
f 2433 2434 2494
f 2433 2494 2493
f 2434 2435 2495
f 2434 2495 2494
f 2435 2436 2496
f 2435 2496 2495
f 2436 2437 2497
f 2436 2497 2496
f 2437 2438 2498
f 2437 2498 2497
f 2438 2439 2499
f 2438 2499 2498
f 2439 2440 2500
f 2439 2500 2499
f 2440 2441 2501
f 2440 2501 2500
f 2441 2442 2502
f 2441 2502 2501
f 2442 2443 2503
f 2442 2503 2502
f 2443 2444 2504
f 2443 2504 2503
f 2444 2445 2505
f 2444 2505 2504
f 2445 2446 2506
f 2445 2506 2505
f 2446 2447 2507
f 2446 2507 2506
f 2447 2448 2508
f 2447 2508 2507
f 2448 2449 2509
f 2448 2509 2508
f 2449 2450 2510
f 2449 2510 2509
f 2450 2451 2511
f 2450 2511 2510
f 2451 2452 2512
f 2451 2512 2511
f 2452 2453 2513
f 2452 2513 2512
f 2453 2454 2514
f 2453 2514 2513
f 2454 2455 2515
f 2454 2515 2514
f 2455 2456 2516
f 2455 2516 2515
f 2456 2457 2517
f 2456 2517 2516
f 2457 2458 2518
f 2457 2518 2517
f 2458 2459 2519
f 2458 2519 2518
f 2459 2460 2520
f 2459 2520 2519
f 2460 2401 2461
f 2460 2461 2520
f 2461 2462 2522
f 2461 2522 2521
f 2462 2463 2523
f 2462 2523 2522
f 2463 2464 2524
f 2463 2524 2523
f 2464 2465 2525
f 2464 2525 2524
f 2465 2466 2526
f 2465 2526 2525
f 2466 2467 2527
f 2466 2527 2526
f 2467 2468 2528
f 2467 2528 2527
f 2468 2469 2529
f 2468 2529 2528
f 2469 2470 2530
f 2469 2530 2529
f 2470 2471 2531
f 2470 2531 2530
f 2471 2472 2532
f 2471 2532 2531
f 2472 2473 2533
f 2472 2533 2532
f 2473 2474 2534
f 2473 2534 2533
f 2474 2475 2535
f 2474 2535 2534
f 2475 2476 2536
f 2475 2536 2535
f 2476 2477 2537
f 2476 2537 2536
f 2477 2478 2538
f 2477 2538 2537
f 2478 2479 2539
f 2478 2539 2538
f 2479 2480 2540
f 2479 2540 2539
f 2480 2481 2541
f 2480 2541 2540
f 2481 2482 2542
f 2481 2542 2541
f 2482 2483 2543
f 2482 2543 2542
f 2483 2484 2544
f 2483 2544 2543
f 2484 2485 2545
f 2484 2545 2544
f 2485 2486 2546
f 2485 2546 2545
f 2486 2487 2547
f 2486 2547 2546
f 2487 2488 2548
f 2487 2548 2547
f 2488 2489 2549
f 2488 2549 2548
f 2489 2490 2550
f 2489 2550 2549
f 2490 2491 2551
f 2490 2551 2550
f 2491 2492 2552
f 2491 2552 2551
f 2492 2493 2553
f 2492 2553 2552
f 2493 2494 2554
f 2493 2554 2553
f 2494 2495 2555
f 2494 2555 2554
f 2495 2496 2556
f 2495 2556 2555
f 2496 2497 2557
f 2496 2557 2556
f 2497 2498 2558
f 2497 2558 2557
f 2498 2499 2559
f 2498 2559 2558
f 2499 2500 2560
f 2499 2560 2559
f 2500 2501 2561
f 2500 2561 2560
f 2501 2502 2562
f 2501 2562 2561
f 2502 2503 2563
f 2502 2563 2562
f 2503 2504 2564
f 2503 2564 2563
f 2504 2505 2565
f 2504 2565 2564
f 2505 2506 2566
f 2505 2566 2565
f 2506 2507 2567
f 2506 2567 2566
f 2507 2508 2568
f 2507 2568 2567
f 2508 2509 2569
f 2508 2569 2568
f 2509 2510 2570
f 2509 2570 2569
f 2510 2511 2571
f 2510 2571 2570
f 2511 2512 2572
f 2511 2572 2571
f 2512 2513 2573
f 2512 2573 2572
f 2513 2514 2574
f 2513 2574 2573
f 2514 2515 2575
f 2514 2575 2574
f 2515 2516 2576
f 2515 2576 2575
f 2516 2517 2577
f 2516 2577 2576
f 2517 2518 2578
f 2517 2578 2577
f 2518 2519 2579
f 2518 2579 2578
f 2519 2520 2580
f 2519 2580 2579
f 2520 2461 2521
f 2520 2521 2580
f 2521 2522 2582
f 2521 2582 2581
f 2522 2523 2583
f 2522 2583 2582
f 2523 2524 2584
f 2523 2584 2583
f 2524 2525 2585
f 2524 2585 2584
f 2525 2526 2586
f 2525 2586 2585
f 2526 2527 2587
f 2526 2587 2586
f 2527 2528 2588
f 2527 2588 2587
f 2528 2529 2589
f 2528 2589 2588
f 2529 2530 2590
f 2529 2590 2589
f 2530 2531 2591
f 2530 2591 2590
f 2531 2532 2592
f 2531 2592 2591
f 2532 2533 2593
f 2532 2593 2592
f 2533 2534 2594
f 2533 2594 2593
f 2534 2535 2595
f 2534 2595 2594
f 2535 2536 2596
f 2535 2596 2595
f 2536 2537 2597
f 2536 2597 2596
f 2537 2538 2598
f 2537 2598 2597
f 2538 2539 2599
f 2538 2599 2598
f 2539 2540 2600
f 2539 2600 2599
f 2540 2541 2601
f 2540 2601 2600
f 2541 2542 2602
f 2541 2602 2601
f 2542 2543 2603
f 2542 2603 2602
f 2543 2544 2604
f 2543 2604 2603
f 2544 2545 2605
f 2544 2605 2604
f 2545 2546 2606
f 2545 2606 2605
f 2546 2547 2607
f 2546 2607 2606
f 2547 2548 2608
f 2547 2608 2607
f 2548 2549 2609
f 2548 2609 2608
f 2549 2550 2610
f 2549 2610 2609
f 2550 2551 2611
f 2550 2611 2610
f 2551 2552 2612
f 2551 2612 2611
f 2552 2553 2613
f 2552 2613 2612
f 2553 2554 2614
f 2553 2614 2613
f 2554 2555 2615
f 2554 2615 2614
f 2555 2556 2616
f 2555 2616 2615
f 2556 2557 2617
f 2556 2617 2616
f 2557 2558 2618
f 2557 2618 2617
f 2558 2559 2619
f 2558 2619 2618
f 2559 2560 2620
f 2559 2620 2619
f 2560 2561 2621
f 2560 2621 2620
f 2561 2562 2622
f 2561 2622 2621
f 2562 2563 2623
f 2562 2623 2622
f 2563 2564 2624
f 2563 2624 2623
f 2564 2565 2625
f 2564 2625 2624
f 2565 2566 2626
f 2565 2626 2625
f 2566 2567 2627
f 2566 2627 2626
f 2567 2568 2628
f 2567 2628 2627
f 2568 2569 2629
f 2568 2629 2628
f 2569 2570 2630
f 2569 2630 2629
f 2570 2571 2631
f 2570 2631 2630
f 2571 2572 2632
f 2571 2632 2631
f 2572 2573 2633
f 2572 2633 2632
f 2573 2574 2634
f 2573 2634 2633
f 2574 2575 2635
f 2574 2635 2634
f 2575 2576 2636
f 2575 2636 2635
f 2576 2577 2637
f 2576 2637 2636
f 2577 2578 2638
f 2577 2638 2637
f 2578 2579 2639
f 2578 2639 2638
f 2579 2580 2640
f 2579 2640 2639
f 2580 2521 2581
f 2580 2581 2640
f 2581 2582 2642
f 2581 2642 2641
f 2582 2583 2643
f 2582 2643 2642
f 2583 2584 2644
f 2583 2644 2643
f 2584 2585 2645
f 2584 2645 2644
f 2585 2586 2646
f 2585 2646 2645
f 2586 2587 2647
f 2586 2647 2646
f 2587 2588 2648
f 2587 2648 2647
f 2588 2589 2649
f 2588 2649 2648
f 2589 2590 2650
f 2589 2650 2649
f 2590 2591 2651
f 2590 2651 2650
f 2591 2592 2652
f 2591 2652 2651
f 2592 2593 2653
f 2592 2653 2652
f 2593 2594 2654
f 2593 2654 2653
f 2594 2595 2655
f 2594 2655 2654
f 2595 2596 2656
f 2595 2656 2655
f 2596 2597 2657
f 2596 2657 2656
f 2597 2598 2658
f 2597 2658 2657
f 2598 2599 2659
f 2598 2659 2658
f 2599 2600 2660
f 2599 2660 2659
f 2600 2601 2661
f 2600 2661 2660
f 2601 2602 2662
f 2601 2662 2661
f 2602 2603 2663
f 2602 2663 2662
f 2603 2604 2664
f 2603 2664 2663
f 2604 2605 2665
f 2604 2665 2664
f 2605 2606 2666
f 2605 2666 2665
f 2606 2607 2667
f 2606 2667 2666
f 2607 2608 2668
f 2607 2668 2667
f 2608 2609 2669
f 2608 2669 2668
f 2609 2610 2670
f 2609 2670 2669
f 2610 2611 2671
f 2610 2671 2670
f 2611 2612 2672
f 2611 2672 2671
f 2612 2613 2673
f 2612 2673 2672
f 2613 2614 2674
f 2613 2674 2673
f 2614 2615 2675
f 2614 2675 2674
f 2615 2616 2676
f 2615 2676 2675
f 2616 2617 2677
f 2616 2677 2676
f 2617 2618 2678
f 2617 2678 2677
f 2618 2619 2679
f 2618 2679 2678
f 2619 2620 2680
f 2619 2680 2679
f 2620 2621 2681
f 2620 2681 2680
f 2621 2622 2682
f 2621 2682 2681
f 2622 2623 2683
f 2622 2683 2682
f 2623 2624 2684
f 2623 2684 2683
f 2624 2625 2685
f 2624 2685 2684
f 2625 2626 2686
f 2625 2686 2685
f 2626 2627 2687
f 2626 2687 2686
f 2627 2628 2688
f 2627 2688 2687
f 2628 2629 2689
f 2628 2689 2688
f 2629 2630 2690
f 2629 2690 2689
f 2630 2631 2691
f 2630 2691 2690
f 2631 2632 2692
f 2631 2692 2691
f 2632 2633 2693
f 2632 2693 2692
f 2633 2634 2694
f 2633 2694 2693
f 2634 2635 2695
f 2634 2695 2694
f 2635 2636 2696
f 2635 2696 2695
f 2636 2637 2697
f 2636 2697 2696
f 2637 2638 2698
f 2637 2698 2697
f 2638 2639 2699
f 2638 2699 2698
f 2639 2640 2700
f 2639 2700 2699
f 2640 2581 2641
f 2640 2641 2700
f 2641 2642 2702
f 2641 2702 2701
f 2642 2643 2703
f 2642 2703 2702
f 2643 2644 2704
f 2643 2704 2703
f 2644 2645 2705
f 2644 2705 2704
f 2645 2646 2706
f 2645 2706 2705
f 2646 2647 2707
f 2646 2707 2706
f 2647 2648 2708
f 2647 2708 2707
f 2648 2649 2709
f 2648 2709 2708
f 2649 2650 2710
f 2649 2710 2709
f 2650 2651 2711
f 2650 2711 2710
f 2651 2652 2712
f 2651 2712 2711
f 2652 2653 2713
f 2652 2713 2712
f 2653 2654 2714
f 2653 2714 2713
f 2654 2655 2715
f 2654 2715 2714
f 2655 2656 2716
f 2655 2716 2715
f 2656 2657 2717
f 2656 2717 2716
f 2657 2658 2718
f 2657 2718 2717
f 2658 2659 2719
f 2658 2719 2718
f 2659 2660 2720
f 2659 2720 2719
f 2660 2661 2721
f 2660 2721 2720
f 2661 2662 2722
f 2661 2722 2721
f 2662 2663 2723
f 2662 2723 2722
f 2663 2664 2724
f 2663 2724 2723
f 2664 2665 2725
f 2664 2725 2724
f 2665 2666 2726
f 2665 2726 2725
f 2666 2667 2727
f 2666 2727 2726
f 2667 2668 2728
f 2667 2728 2727
f 2668 2669 2729
f 2668 2729 2728
f 2669 2670 2730
f 2669 2730 2729
f 2670 2671 2731
f 2670 2731 2730
f 2671 2672 2732
f 2671 2732 2731
f 2672 2673 2733
f 2672 2733 2732
f 2673 2674 2734
f 2673 2734 2733
f 2674 2675 2735
f 2674 2735 2734
f 2675 2676 2736
f 2675 2736 2735
f 2676 2677 2737
f 2676 2737 2736
f 2677 2678 2738
f 2677 2738 2737
f 2678 2679 2739
f 2678 2739 2738
f 2679 2680 2740
f 2679 2740 2739
f 2680 2681 2741
f 2680 2741 2740
f 2681 2682 2742
f 2681 2742 2741
f 2682 2683 2743
f 2682 2743 2742
f 2683 2684 2744
f 2683 2744 2743
f 2684 2685 2745
f 2684 2745 2744
f 2685 2686 2746
f 2685 2746 2745
f 2686 2687 2747
f 2686 2747 2746
f 2687 2688 2748
f 2687 2748 2747
f 2688 2689 2749
f 2688 2749 2748
f 2689 2690 2750
f 2689 2750 2749
f 2690 2691 2751
f 2690 2751 2750
f 2691 2692 2752
f 2691 2752 2751
f 2692 2693 2753
f 2692 2753 2752
f 2693 2694 2754
f 2693 2754 2753
f 2694 2695 2755
f 2694 2755 2754
f 2695 2696 2756
f 2695 2756 2755
f 2696 2697 2757
f 2696 2757 2756
f 2697 2698 2758
f 2697 2758 2757
f 2698 2699 2759
f 2698 2759 2758
f 2699 2700 2760
f 2699 2760 2759
f 2700 2641 2701
f 2700 2701 2760
f 2701 2702 2762
f 2701 2762 2761
f 2702 2703 2763
f 2702 2763 2762
f 2703 2704 2764
f 2703 2764 2763
f 2704 2705 2765
f 2704 2765 2764
f 2705 2706 2766
f 2705 2766 2765
f 2706 2707 2767
f 2706 2767 2766
f 2707 2708 2768
f 2707 2768 2767
f 2708 2709 2769
f 2708 2769 2768
f 2709 2710 2770
f 2709 2770 2769
f 2710 2711 2771
f 2710 2771 2770
f 2711 2712 2772
f 2711 2772 2771
f 2712 2713 2773
f 2712 2773 2772
f 2713 2714 2774
f 2713 2774 2773
f 2714 2715 2775
f 2714 2775 2774
f 2715 2716 2776
f 2715 2776 2775
f 2716 2717 2777
f 2716 2777 2776
f 2717 2718 2778
f 2717 2778 2777
f 2718 2719 2779
f 2718 2779 2778
f 2719 2720 2780
f 2719 2780 2779
f 2720 2721 2781
f 2720 2781 2780
f 2721 2722 2782
f 2721 2782 2781
f 2722 2723 2783
f 2722 2783 2782
f 2723 2724 2784
f 2723 2784 2783
f 2724 2725 2785
f 2724 2785 2784
f 2725 2726 2786
f 2725 2786 2785
f 2726 2727 2787
f 2726 2787 2786
f 2727 2728 2788
f 2727 2788 2787
f 2728 2729 2789
f 2728 2789 2788
f 2729 2730 2790
f 2729 2790 2789
f 2730 2731 2791
f 2730 2791 2790
f 2731 2732 2792
f 2731 2792 2791
f 2732 2733 2793
f 2732 2793 2792
f 2733 2734 2794
f 2733 2794 2793
f 2734 2735 2795
f 2734 2795 2794
f 2735 2736 2796
f 2735 2796 2795
f 2736 2737 2797
f 2736 2797 2796
f 2737 2738 2798
f 2737 2798 2797
f 2738 2739 2799
f 2738 2799 2798
f 2739 2740 2800
f 2739 2800 2799
f 2740 2741 2801
f 2740 2801 2800
f 2741 2742 2802
f 2741 2802 2801
f 2742 2743 2803
f 2742 2803 2802
f 2743 2744 2804
f 2743 2804 2803
f 2744 2745 2805
f 2744 2805 2804
f 2745 2746 2806
f 2745 2806 2805
f 2746 2747 2807
f 2746 2807 2806
f 2747 2748 2808
f 2747 2808 2807
f 2748 2749 2809
f 2748 2809 2808
f 2749 2750 2810
f 2749 2810 2809
f 2750 2751 2811
f 2750 2811 2810
f 2751 2752 2812
f 2751 2812 2811
f 2752 2753 2813
f 2752 2813 2812
f 2753 2754 2814
f 2753 2814 2813
f 2754 2755 2815
f 2754 2815 2814
f 2755 2756 2816
f 2755 2816 2815
f 2756 2757 2817
f 2756 2817 2816
f 2757 2758 2818
f 2757 2818 2817
f 2758 2759 2819
f 2758 2819 2818
f 2759 2760 2820
f 2759 2820 2819
f 2760 2701 2761
f 2760 2761 2820
f 2761 2762 2822
f 2761 2822 2821
f 2762 2763 2823
f 2762 2823 2822
f 2763 2764 2824
f 2763 2824 2823
f 2764 2765 2825
f 2764 2825 2824
f 2765 2766 2826
f 2765 2826 2825
f 2766 2767 2827
f 2766 2827 2826
f 2767 2768 2828
f 2767 2828 2827
f 2768 2769 2829
f 2768 2829 2828
f 2769 2770 2830
f 2769 2830 2829
f 2770 2771 2831
f 2770 2831 2830
f 2771 2772 2832
f 2771 2832 2831
f 2772 2773 2833
f 2772 2833 2832
f 2773 2774 2834
f 2773 2834 2833
f 2774 2775 2835
f 2774 2835 2834
f 2775 2776 2836
f 2775 2836 2835
f 2776 2777 2837
f 2776 2837 2836
f 2777 2778 2838
f 2777 2838 2837
f 2778 2779 2839
f 2778 2839 2838
f 2779 2780 2840
f 2779 2840 2839
f 2780 2781 2841
f 2780 2841 2840
f 2781 2782 2842
f 2781 2842 2841
f 2782 2783 2843
f 2782 2843 2842
f 2783 2784 2844
f 2783 2844 2843
f 2784 2785 2845
f 2784 2845 2844
f 2785 2786 2846
f 2785 2846 2845
f 2786 2787 2847
f 2786 2847 2846
f 2787 2788 2848
f 2787 2848 2847
f 2788 2789 2849
f 2788 2849 2848
f 2789 2790 2850
f 2789 2850 2849
f 2790 2791 2851
f 2790 2851 2850
f 2791 2792 2852
f 2791 2852 2851
f 2792 2793 2853
f 2792 2853 2852
f 2793 2794 2854
f 2793 2854 2853
f 2794 2795 2855
f 2794 2855 2854
f 2795 2796 2856
f 2795 2856 2855
f 2796 2797 2857
f 2796 2857 2856
f 2797 2798 2858
f 2797 2858 2857
f 2798 2799 2859
f 2798 2859 2858
f 2799 2800 2860
f 2799 2860 2859
f 2800 2801 2861
f 2800 2861 2860
f 2801 2802 2862
f 2801 2862 2861
f 2802 2803 2863
f 2802 2863 2862
f 2803 2804 2864
f 2803 2864 2863
f 2804 2805 2865
f 2804 2865 2864
f 2805 2806 2866
f 2805 2866 2865
f 2806 2807 2867
f 2806 2867 2866
f 2807 2808 2868
f 2807 2868 2867
f 2808 2809 2869
f 2808 2869 2868
f 2809 2810 2870
f 2809 2870 2869
f 2810 2811 2871
f 2810 2871 2870
f 2811 2812 2872
f 2811 2872 2871
f 2812 2813 2873
f 2812 2873 2872
f 2813 2814 2874
f 2813 2874 2873
f 2814 2815 2875
f 2814 2875 2874
f 2815 2816 2876
f 2815 2876 2875
f 2816 2817 2877
f 2816 2877 2876
f 2817 2818 2878
f 2817 2878 2877
f 2818 2819 2879
f 2818 2879 2878
f 2819 2820 2880
f 2819 2880 2879
f 2820 2761 2821
f 2820 2821 2880
f 2821 2822 2882
f 2821 2882 2881
f 2822 2823 2883
f 2822 2883 2882
f 2823 2824 2884
f 2823 2884 2883
f 2824 2825 2885
f 2824 2885 2884
f 2825 2826 2886
f 2825 2886 2885
f 2826 2827 2887
f 2826 2887 2886
f 2827 2828 2888
f 2827 2888 2887
f 2828 2829 2889
f 2828 2889 2888
f 2829 2830 2890
f 2829 2890 2889
f 2830 2831 2891
f 2830 2891 2890
f 2831 2832 2892
f 2831 2892 2891
f 2832 2833 2893
f 2832 2893 2892
f 2833 2834 2894
f 2833 2894 2893
f 2834 2835 2895
f 2834 2895 2894
f 2835 2836 2896
f 2835 2896 2895
f 2836 2837 2897
f 2836 2897 2896
f 2837 2838 2898
f 2837 2898 2897
f 2838 2839 2899
f 2838 2899 2898
f 2839 2840 2900
f 2839 2900 2899
f 2840 2841 2901
f 2840 2901 2900
f 2841 2842 2902
f 2841 2902 2901
f 2842 2843 2903
f 2842 2903 2902
f 2843 2844 2904
f 2843 2904 2903
f 2844 2845 2905
f 2844 2905 2904
f 2845 2846 2906
f 2845 2906 2905
f 2846 2847 2907
f 2846 2907 2906
f 2847 2848 2908
f 2847 2908 2907
f 2848 2849 2909
f 2848 2909 2908
f 2849 2850 2910
f 2849 2910 2909
f 2850 2851 2911
f 2850 2911 2910
f 2851 2852 2912
f 2851 2912 2911
f 2852 2853 2913
f 2852 2913 2912
f 2853 2854 2914
f 2853 2914 2913
f 2854 2855 2915
f 2854 2915 2914
f 2855 2856 2916
f 2855 2916 2915
f 2856 2857 2917
f 2856 2917 2916
f 2857 2858 2918
f 2857 2918 2917
f 2858 2859 2919
f 2858 2919 2918
f 2859 2860 2920
f 2859 2920 2919
f 2860 2861 2921
f 2860 2921 2920
f 2861 2862 2922
f 2861 2922 2921
f 2862 2863 2923
f 2862 2923 2922
f 2863 2864 2924
f 2863 2924 2923
f 2864 2865 2925
f 2864 2925 2924
f 2865 2866 2926
f 2865 2926 2925
f 2866 2867 2927
f 2866 2927 2926
f 2867 2868 2928
f 2867 2928 2927
f 2868 2869 2929
f 2868 2929 2928
f 2869 2870 2930
f 2869 2930 2929
f 2870 2871 2931
f 2870 2931 2930
f 2871 2872 2932
f 2871 2932 2931
f 2872 2873 2933
f 2872 2933 2932
f 2873 2874 2934
f 2873 2934 2933
f 2874 2875 2935
f 2874 2935 2934
f 2875 2876 2936
f 2875 2936 2935
f 2876 2877 2937
f 2876 2937 2936
f 2877 2878 2938
f 2877 2938 2937
f 2878 2879 2939
f 2878 2939 2938
f 2879 2880 2940
f 2879 2940 2939
f 2880 2821 2881
f 2880 2881 2940
f 2881 2882 2942
f 2881 2942 2941
f 2882 2883 2943
f 2882 2943 2942
f 2883 2884 2944
f 2883 2944 2943
f 2884 2885 2945
f 2884 2945 2944
f 2885 2886 2946
f 2885 2946 2945
f 2886 2887 2947
f 2886 2947 2946
f 2887 2888 2948
f 2887 2948 2947
f 2888 2889 2949
f 2888 2949 2948
f 2889 2890 2950
f 2889 2950 2949
f 2890 2891 2951
f 2890 2951 2950
f 2891 2892 2952
f 2891 2952 2951
f 2892 2893 2953
f 2892 2953 2952
f 2893 2894 2954
f 2893 2954 2953
f 2894 2895 2955
f 2894 2955 2954
f 2895 2896 2956
f 2895 2956 2955
f 2896 2897 2957
f 2896 2957 2956
f 2897 2898 2958
f 2897 2958 2957
f 2898 2899 2959
f 2898 2959 2958
f 2899 2900 2960
f 2899 2960 2959
f 2900 2901 2961
f 2900 2961 2960
f 2901 2902 2962
f 2901 2962 2961
f 2902 2903 2963
f 2902 2963 2962
f 2903 2904 2964
f 2903 2964 2963
f 2904 2905 2965
f 2904 2965 2964
f 2905 2906 2966
f 2905 2966 2965
f 2906 2907 2967
f 2906 2967 2966
f 2907 2908 2968
f 2907 2968 2967
f 2908 2909 2969
f 2908 2969 2968
f 2909 2910 2970
f 2909 2970 2969
f 2910 2911 2971
f 2910 2971 2970
f 2911 2912 2972
f 2911 2972 2971
f 2912 2913 2973
f 2912 2973 2972
f 2913 2914 2974
f 2913 2974 2973
f 2914 2915 2975
f 2914 2975 2974
f 2915 2916 2976
f 2915 2976 2975
f 2916 2917 2977
f 2916 2977 2976
f 2917 2918 2978
f 2917 2978 2977
f 2918 2919 2979
f 2918 2979 2978
f 2919 2920 2980
f 2919 2980 2979
f 2920 2921 2981
f 2920 2981 2980
f 2921 2922 2982
f 2921 2982 2981
f 2922 2923 2983
f 2922 2983 2982
f 2923 2924 2984
f 2923 2984 2983
f 2924 2925 2985
f 2924 2985 2984
f 2925 2926 2986
f 2925 2986 2985
f 2926 2927 2987
f 2926 2987 2986
f 2927 2928 2988
f 2927 2988 2987
f 2928 2929 2989
f 2928 2989 2988
f 2929 2930 2990
f 2929 2990 2989
f 2930 2931 2991
f 2930 2991 2990
f 2931 2932 2992
f 2931 2992 2991
f 2932 2933 2993
f 2932 2993 2992
f 2933 2934 2994
f 2933 2994 2993
f 2934 2935 2995
f 2934 2995 2994
f 2935 2936 2996
f 2935 2996 2995
f 2936 2937 2997
f 2936 2997 2996
f 2937 2938 2998
f 2937 2998 2997
f 2938 2939 2999
f 2938 2999 2998
f 2939 2940 3000
f 2939 3000 2999
f 2940 2881 2941
f 2940 2941 3000
f 2941 2942 3002
f 2941 3002 3001
f 2942 2943 3003
f 2942 3003 3002
f 2943 2944 3004
f 2943 3004 3003
f 2944 2945 3005
f 2944 3005 3004
f 2945 2946 3006
f 2945 3006 3005
f 2946 2947 3007
f 2946 3007 3006
f 2947 2948 3008
f 2947 3008 3007
f 2948 2949 3009
f 2948 3009 3008
f 2949 2950 3010
f 2949 3010 3009
f 2950 2951 3011
f 2950 3011 3010
f 2951 2952 3012
f 2951 3012 3011
f 2952 2953 3013
f 2952 3013 3012
f 2953 2954 3014
f 2953 3014 3013
f 2954 2955 3015
f 2954 3015 3014
f 2955 2956 3016
f 2955 3016 3015
f 2956 2957 3017
f 2956 3017 3016
f 2957 2958 3018
f 2957 3018 3017
f 2958 2959 3019
f 2958 3019 3018
f 2959 2960 3020
f 2959 3020 3019
f 2960 2961 3021
f 2960 3021 3020
f 2961 2962 3022
f 2961 3022 3021
f 2962 2963 3023
f 2962 3023 3022
f 2963 2964 3024
f 2963 3024 3023
f 2964 2965 3025
f 2964 3025 3024
f 2965 2966 3026
f 2965 3026 3025
f 2966 2967 3027
f 2966 3027 3026
f 2967 2968 3028
f 2967 3028 3027
f 2968 2969 3029
f 2968 3029 3028
f 2969 2970 3030
f 2969 3030 3029
f 2970 2971 3031
f 2970 3031 3030
f 2971 2972 3032
f 2971 3032 3031
f 2972 2973 3033
f 2972 3033 3032
f 2973 2974 3034
f 2973 3034 3033
f 2974 2975 3035
f 2974 3035 3034
f 2975 2976 3036
f 2975 3036 3035
f 2976 2977 3037
f 2976 3037 3036
f 2977 2978 3038
f 2977 3038 3037
f 2978 2979 3039
f 2978 3039 3038
f 2979 2980 3040
f 2979 3040 3039
f 2980 2981 3041
f 2980 3041 3040
f 2981 2982 3042
f 2981 3042 3041
f 2982 2983 3043
f 2982 3043 3042
f 2983 2984 3044
f 2983 3044 3043
f 2984 2985 3045
f 2984 3045 3044
f 2985 2986 3046
f 2985 3046 3045
f 2986 2987 3047
f 2986 3047 3046
f 2987 2988 3048
f 2987 3048 3047
f 2988 2989 3049
f 2988 3049 3048
f 2989 2990 3050
f 2989 3050 3049
f 2990 2991 3051
f 2990 3051 3050
f 2991 2992 3052
f 2991 3052 3051
f 2992 2993 3053
f 2992 3053 3052
f 2993 2994 3054
f 2993 3054 3053
f 2994 2995 3055
f 2994 3055 3054
f 2995 2996 3056
f 2995 3056 3055
f 2996 2997 3057
f 2996 3057 3056
f 2997 2998 3058
f 2997 3058 3057
f 2998 2999 3059
f 2998 3059 3058
f 2999 3000 3060
f 2999 3060 3059
f 3000 2941 3001
f 3000 3001 3060
f 3001 3002 3062
f 3001 3062 3061
f 3002 3003 3063
f 3002 3063 3062
f 3003 3004 3064
f 3003 3064 3063
f 3004 3005 3065
f 3004 3065 3064
f 3005 3006 3066
f 3005 3066 3065
f 3006 3007 3067
f 3006 3067 3066
f 3007 3008 3068
f 3007 3068 3067
f 3008 3009 3069
f 3008 3069 3068
f 3009 3010 3070
f 3009 3070 3069
f 3010 3011 3071
f 3010 3071 3070
f 3011 3012 3072
f 3011 3072 3071
f 3012 3013 3073
f 3012 3073 3072
f 3013 3014 3074
f 3013 3074 3073
f 3014 3015 3075
f 3014 3075 3074
f 3015 3016 3076
f 3015 3076 3075
f 3016 3017 3077
f 3016 3077 3076
f 3017 3018 3078
f 3017 3078 3077
f 3018 3019 3079
f 3018 3079 3078
f 3019 3020 3080
f 3019 3080 3079
f 3020 3021 3081
f 3020 3081 3080
f 3021 3022 3082
f 3021 3082 3081
f 3022 3023 3083
f 3022 3083 3082
f 3023 3024 3084
f 3023 3084 3083
f 3024 3025 3085
f 3024 3085 3084
f 3025 3026 3086
f 3025 3086 3085
f 3026 3027 3087
f 3026 3087 3086
f 3027 3028 3088
f 3027 3088 3087
f 3028 3029 3089
f 3028 3089 3088
f 3029 3030 3090
f 3029 3090 3089
f 3030 3031 3091
f 3030 3091 3090
f 3031 3032 3092
f 3031 3092 3091
f 3032 3033 3093
f 3032 3093 3092
f 3033 3034 3094
f 3033 3094 3093
f 3034 3035 3095
f 3034 3095 3094
f 3035 3036 3096
f 3035 3096 3095
f 3036 3037 3097
f 3036 3097 3096
f 3037 3038 3098
f 3037 3098 3097
f 3038 3039 3099
f 3038 3099 3098
f 3039 3040 3100
f 3039 3100 3099
f 3040 3041 3101
f 3040 3101 3100
f 3041 3042 3102
f 3041 3102 3101
f 3042 3043 3103
f 3042 3103 3102
f 3043 3044 3104
f 3043 3104 3103
f 3044 3045 3105
f 3044 3105 3104
f 3045 3046 3106
f 3045 3106 3105
f 3046 3047 3107
f 3046 3107 3106
f 3047 3048 3108
f 3047 3108 3107
f 3048 3049 3109
f 3048 3109 3108
f 3049 3050 3110
f 3049 3110 3109
f 3050 3051 3111
f 3050 3111 3110
f 3051 3052 3112
f 3051 3112 3111
f 3052 3053 3113
f 3052 3113 3112
f 3053 3054 3114
f 3053 3114 3113
f 3054 3055 3115
f 3054 3115 3114
f 3055 3056 3116
f 3055 3116 3115
f 3056 3057 3117
f 3056 3117 3116
f 3057 3058 3118
f 3057 3118 3117
f 3058 3059 3119
f 3058 3119 3118
f 3059 3060 3120
f 3059 3120 3119
f 3060 3001 3061
f 3060 3061 3120
f 3061 3062 3122
f 3061 3122 3121
f 3062 3063 3123
f 3062 3123 3122
f 3063 3064 3124
f 3063 3124 3123
f 3064 3065 3125
f 3064 3125 3124
f 3065 3066 3126
f 3065 3126 3125
f 3066 3067 3127
f 3066 3127 3126
f 3067 3068 3128
f 3067 3128 3127
f 3068 3069 3129
f 3068 3129 3128
f 3069 3070 3130
f 3069 3130 3129
f 3070 3071 3131
f 3070 3131 3130
f 3071 3072 3132
f 3071 3132 3131
f 3072 3073 3133
f 3072 3133 3132
f 3073 3074 3134
f 3073 3134 3133
f 3074 3075 3135
f 3074 3135 3134
f 3075 3076 3136
f 3075 3136 3135
f 3076 3077 3137
f 3076 3137 3136
f 3077 3078 3138
f 3077 3138 3137
f 3078 3079 3139
f 3078 3139 3138
f 3079 3080 3140
f 3079 3140 3139
f 3080 3081 3141
f 3080 3141 3140
f 3081 3082 3142
f 3081 3142 3141
f 3082 3083 3143
f 3082 3143 3142
f 3083 3084 3144
f 3083 3144 3143
f 3084 3085 3145
f 3084 3145 3144
f 3085 3086 3146
f 3085 3146 3145
f 3086 3087 3147
f 3086 3147 3146
f 3087 3088 3148
f 3087 3148 3147
f 3088 3089 3149
f 3088 3149 3148
f 3089 3090 3150
f 3089 3150 3149
f 3090 3091 3151
f 3090 3151 3150
f 3091 3092 3152
f 3091 3152 3151
f 3092 3093 3153
f 3092 3153 3152
f 3093 3094 3154
f 3093 3154 3153
f 3094 3095 3155
f 3094 3155 3154
f 3095 3096 3156
f 3095 3156 3155
f 3096 3097 3157
f 3096 3157 3156
f 3097 3098 3158
f 3097 3158 3157
f 3098 3099 3159
f 3098 3159 3158
f 3099 3100 3160
f 3099 3160 3159
f 3100 3101 3161
f 3100 3161 3160
f 3101 3102 3162
f 3101 3162 3161
f 3102 3103 3163
f 3102 3163 3162
f 3103 3104 3164
f 3103 3164 3163
f 3104 3105 3165
f 3104 3165 3164
f 3105 3106 3166
f 3105 3166 3165
f 3106 3107 3167
f 3106 3167 3166
f 3107 3108 3168
f 3107 3168 3167
f 3108 3109 3169
f 3108 3169 3168
f 3109 3110 3170
f 3109 3170 3169
f 3110 3111 3171
f 3110 3171 3170
f 3111 3112 3172
f 3111 3172 3171
f 3112 3113 3173
f 3112 3173 3172
f 3113 3114 3174
f 3113 3174 3173
f 3114 3115 3175
f 3114 3175 3174
f 3115 3116 3176
f 3115 3176 3175
f 3116 3117 3177
f 3116 3177 3176
f 3117 3118 3178
f 3117 3178 3177
f 3118 3119 3179
f 3118 3179 3178
f 3119 3120 3180
f 3119 3180 3179
f 3120 3061 3121
f 3120 3121 3180
f 3121 3122 3182
f 3121 3182 3181
f 3122 3123 3183
f 3122 3183 3182
f 3123 3124 3184
f 3123 3184 3183
f 3124 3125 3185
f 3124 3185 3184
f 3125 3126 3186
f 3125 3186 3185
f 3126 3127 3187
f 3126 3187 3186
f 3127 3128 3188
f 3127 3188 3187
f 3128 3129 3189
f 3128 3189 3188
f 3129 3130 3190
f 3129 3190 3189
f 3130 3131 3191
f 3130 3191 3190
f 3131 3132 3192
f 3131 3192 3191
f 3132 3133 3193
f 3132 3193 3192
f 3133 3134 3194
f 3133 3194 3193
f 3134 3135 3195
f 3134 3195 3194
f 3135 3136 3196
f 3135 3196 3195
f 3136 3137 3197
f 3136 3197 3196
f 3137 3138 3198
f 3137 3198 3197
f 3138 3139 3199
f 3138 3199 3198
f 3139 3140 3200
f 3139 3200 3199
f 3140 3141 3201
f 3140 3201 3200
f 3141 3142 3202
f 3141 3202 3201
f 3142 3143 3203
f 3142 3203 3202
f 3143 3144 3204
f 3143 3204 3203
f 3144 3145 3205
f 3144 3205 3204
f 3145 3146 3206
f 3145 3206 3205
f 3146 3147 3207
f 3146 3207 3206
f 3147 3148 3208
f 3147 3208 3207
f 3148 3149 3209
f 3148 3209 3208
f 3149 3150 3210
f 3149 3210 3209
f 3150 3151 3211
f 3150 3211 3210
f 3151 3152 3212
f 3151 3212 3211
f 3152 3153 3213
f 3152 3213 3212
f 3153 3154 3214
f 3153 3214 3213
f 3154 3155 3215
f 3154 3215 3214
f 3155 3156 3216
f 3155 3216 3215
f 3156 3157 3217
f 3156 3217 3216
f 3157 3158 3218
f 3157 3218 3217
f 3158 3159 3219
f 3158 3219 3218
f 3159 3160 3220
f 3159 3220 3219
f 3160 3161 3221
f 3160 3221 3220
f 3161 3162 3222
f 3161 3222 3221
f 3162 3163 3223
f 3162 3223 3222
f 3163 3164 3224
f 3163 3224 3223
f 3164 3165 3225
f 3164 3225 3224
f 3165 3166 3226
f 3165 3226 3225
f 3166 3167 3227
f 3166 3227 3226
f 3167 3168 3228
f 3167 3228 3227
f 3168 3169 3229
f 3168 3229 3228
f 3169 3170 3230
f 3169 3230 3229
f 3170 3171 3231
f 3170 3231 3230
f 3171 3172 3232
f 3171 3232 3231
f 3172 3173 3233
f 3172 3233 3232
f 3173 3174 3234
f 3173 3234 3233
f 3174 3175 3235
f 3174 3235 3234
f 3175 3176 3236
f 3175 3236 3235
f 3176 3177 3237
f 3176 3237 3236
f 3177 3178 3238
f 3177 3238 3237
f 3178 3179 3239
f 3178 3239 3238
f 3179 3180 3240
f 3179 3240 3239
f 3180 3121 3181
f 3180 3181 3240
f 3181 3182 3242
f 3181 3242 3241
f 3182 3183 3243
f 3182 3243 3242
f 3183 3184 3244
f 3183 3244 3243
f 3184 3185 3245
f 3184 3245 3244
f 3185 3186 3246
f 3185 3246 3245
f 3186 3187 3247
f 3186 3247 3246
f 3187 3188 3248
f 3187 3248 3247
f 3188 3189 3249
f 3188 3249 3248
f 3189 3190 3250
f 3189 3250 3249
f 3190 3191 3251
f 3190 3251 3250
f 3191 3192 3252
f 3191 3252 3251
f 3192 3193 3253
f 3192 3253 3252
f 3193 3194 3254
f 3193 3254 3253
f 3194 3195 3255
f 3194 3255 3254
f 3195 3196 3256
f 3195 3256 3255
f 3196 3197 3257
f 3196 3257 3256
f 3197 3198 3258
f 3197 3258 3257
f 3198 3199 3259
f 3198 3259 3258
f 3199 3200 3260
f 3199 3260 3259
f 3200 3201 3261
f 3200 3261 3260
f 3201 3202 3262
f 3201 3262 3261
f 3202 3203 3263
f 3202 3263 3262
f 3203 3204 3264
f 3203 3264 3263
f 3204 3205 3265
f 3204 3265 3264
f 3205 3206 3266
f 3205 3266 3265
f 3206 3207 3267
f 3206 3267 3266
f 3207 3208 3268
f 3207 3268 3267
f 3208 3209 3269
f 3208 3269 3268
f 3209 3210 3270
f 3209 3270 3269
f 3210 3211 3271
f 3210 3271 3270
f 3211 3212 3272
f 3211 3272 3271
f 3212 3213 3273
f 3212 3273 3272
f 3213 3214 3274
f 3213 3274 3273
f 3214 3215 3275
f 3214 3275 3274
f 3215 3216 3276
f 3215 3276 3275
f 3216 3217 3277
f 3216 3277 3276
f 3217 3218 3278
f 3217 3278 3277
f 3218 3219 3279
f 3218 3279 3278
f 3219 3220 3280
f 3219 3280 3279
f 3220 3221 3281
f 3220 3281 3280
f 3221 3222 3282
f 3221 3282 3281
f 3222 3223 3283
f 3222 3283 3282
f 3223 3224 3284
f 3223 3284 3283
f 3224 3225 3285
f 3224 3285 3284
f 3225 3226 3286
f 3225 3286 3285
f 3226 3227 3287
f 3226 3287 3286
f 3227 3228 3288
f 3227 3288 3287
f 3228 3229 3289
f 3228 3289 3288
f 3229 3230 3290
f 3229 3290 3289
f 3230 3231 3291
f 3230 3291 3290
f 3231 3232 3292
f 3231 3292 3291
f 3232 3233 3293
f 3232 3293 3292
f 3233 3234 3294
f 3233 3294 3293
f 3234 3235 3295
f 3234 3295 3294
f 3235 3236 3296
f 3235 3296 3295
f 3236 3237 3297
f 3236 3297 3296
f 3237 3238 3298
f 3237 3298 3297
f 3238 3239 3299
f 3238 3299 3298
f 3239 3240 3300
f 3239 3300 3299
f 3240 3181 3241
f 3240 3241 3300
f 3241 3242 3302
f 3241 3302 3301
f 3242 3243 3303
f 3242 3303 3302
f 3243 3244 3304
f 3243 3304 3303
f 3244 3245 3305
f 3244 3305 3304
f 3245 3246 3306
f 3245 3306 3305
f 3246 3247 3307
f 3246 3307 3306
f 3247 3248 3308
f 3247 3308 3307
f 3248 3249 3309
f 3248 3309 3308
f 3249 3250 3310
f 3249 3310 3309
f 3250 3251 3311
f 3250 3311 3310
f 3251 3252 3312
f 3251 3312 3311
f 3252 3253 3313
f 3252 3313 3312
f 3253 3254 3314
f 3253 3314 3313
f 3254 3255 3315
f 3254 3315 3314
f 3255 3256 3316
f 3255 3316 3315
f 3256 3257 3317
f 3256 3317 3316
f 3257 3258 3318
f 3257 3318 3317
f 3258 3259 3319
f 3258 3319 3318
f 3259 3260 3320
f 3259 3320 3319
f 3260 3261 3321
f 3260 3321 3320
f 3261 3262 3322
f 3261 3322 3321
f 3262 3263 3323
f 3262 3323 3322
f 3263 3264 3324
f 3263 3324 3323
f 3264 3265 3325
f 3264 3325 3324
f 3265 3266 3326
f 3265 3326 3325
f 3266 3267 3327
f 3266 3327 3326
f 3267 3268 3328
f 3267 3328 3327
f 3268 3269 3329
f 3268 3329 3328
f 3269 3270 3330
f 3269 3330 3329
f 3270 3271 3331
f 3270 3331 3330
f 3271 3272 3332
f 3271 3332 3331
f 3272 3273 3333
f 3272 3333 3332
f 3273 3274 3334
f 3273 3334 3333
f 3274 3275 3335
f 3274 3335 3334
f 3275 3276 3336
f 3275 3336 3335
f 3276 3277 3337
f 3276 3337 3336
f 3277 3278 3338
f 3277 3338 3337
f 3278 3279 3339
f 3278 3339 3338
f 3279 3280 3340
f 3279 3340 3339
f 3280 3281 3341
f 3280 3341 3340
f 3281 3282 3342
f 3281 3342 3341
f 3282 3283 3343
f 3282 3343 3342
f 3283 3284 3344
f 3283 3344 3343
f 3284 3285 3345
f 3284 3345 3344
f 3285 3286 3346
f 3285 3346 3345
f 3286 3287 3347
f 3286 3347 3346
f 3287 3288 3348
f 3287 3348 3347
f 3288 3289 3349
f 3288 3349 3348
f 3289 3290 3350
f 3289 3350 3349
f 3290 3291 3351
f 3290 3351 3350
f 3291 3292 3352
f 3291 3352 3351
f 3292 3293 3353
f 3292 3353 3352
f 3293 3294 3354
f 3293 3354 3353
f 3294 3295 3355
f 3294 3355 3354
f 3295 3296 3356
f 3295 3356 3355
f 3296 3297 3357
f 3296 3357 3356
f 3297 3298 3358
f 3297 3358 3357
f 3298 3299 3359
f 3298 3359 3358
f 3299 3300 3360
f 3299 3360 3359
f 3300 3241 3301
f 3300 3301 3360
f 3301 3302 3362
f 3301 3362 3361
f 3302 3303 3363
f 3302 3363 3362
f 3303 3304 3364
f 3303 3364 3363
f 3304 3305 3365
f 3304 3365 3364
f 3305 3306 3366
f 3305 3366 3365
f 3306 3307 3367
f 3306 3367 3366
f 3307 3308 3368
f 3307 3368 3367
f 3308 3309 3369
f 3308 3369 3368
f 3309 3310 3370
f 3309 3370 3369
f 3310 3311 3371
f 3310 3371 3370
f 3311 3312 3372
f 3311 3372 3371
f 3312 3313 3373
f 3312 3373 3372
f 3313 3314 3374
f 3313 3374 3373
f 3314 3315 3375
f 3314 3375 3374
f 3315 3316 3376
f 3315 3376 3375
f 3316 3317 3377
f 3316 3377 3376
f 3317 3318 3378
f 3317 3378 3377
f 3318 3319 3379
f 3318 3379 3378
f 3319 3320 3380
f 3319 3380 3379
f 3320 3321 3381
f 3320 3381 3380
f 3321 3322 3382
f 3321 3382 3381
f 3322 3323 3383
f 3322 3383 3382
f 3323 3324 3384
f 3323 3384 3383
f 3324 3325 3385
f 3324 3385 3384
f 3325 3326 3386
f 3325 3386 3385
f 3326 3327 3387
f 3326 3387 3386
f 3327 3328 3388
f 3327 3388 3387
f 3328 3329 3389
f 3328 3389 3388
f 3329 3330 3390
f 3329 3390 3389
f 3330 3331 3391
f 3330 3391 3390
f 3331 3332 3392
f 3331 3392 3391
f 3332 3333 3393
f 3332 3393 3392
f 3333 3334 3394
f 3333 3394 3393
f 3334 3335 3395
f 3334 3395 3394
f 3335 3336 3396
f 3335 3396 3395
f 3336 3337 3397
f 3336 3397 3396
f 3337 3338 3398
f 3337 3398 3397
f 3338 3339 3399
f 3338 3399 3398
f 3339 3340 3400
f 3339 3400 3399
f 3340 3341 3401
f 3340 3401 3400
f 3341 3342 3402
f 3341 3402 3401
f 3342 3343 3403
f 3342 3403 3402
f 3343 3344 3404
f 3343 3404 3403
f 3344 3345 3405
f 3344 3405 3404
f 3345 3346 3406
f 3345 3406 3405
f 3346 3347 3407
f 3346 3407 3406
f 3347 3348 3408
f 3347 3408 3407
f 3348 3349 3409
f 3348 3409 3408
f 3349 3350 3410
f 3349 3410 3409
f 3350 3351 3411
f 3350 3411 3410
f 3351 3352 3412
f 3351 3412 3411
f 3352 3353 3413
f 3352 3413 3412
f 3353 3354 3414
f 3353 3414 3413
f 3354 3355 3415
f 3354 3415 3414
f 3355 3356 3416
f 3355 3416 3415
f 3356 3357 3417
f 3356 3417 3416
f 3357 3358 3418
f 3357 3418 3417
f 3358 3359 3419
f 3358 3419 3418
f 3359 3360 3420
f 3359 3420 3419
f 3360 3301 3361
f 3360 3361 3420
f 3361 3362 3422
f 3361 3422 3421
f 3362 3363 3423
f 3362 3423 3422
f 3363 3364 3424
f 3363 3424 3423
f 3364 3365 3425
f 3364 3425 3424
f 3365 3366 3426
f 3365 3426 3425
f 3366 3367 3427
f 3366 3427 3426
f 3367 3368 3428
f 3367 3428 3427
f 3368 3369 3429
f 3368 3429 3428
f 3369 3370 3430
f 3369 3430 3429
f 3370 3371 3431
f 3370 3431 3430
f 3371 3372 3432
f 3371 3432 3431
f 3372 3373 3433
f 3372 3433 3432
f 3373 3374 3434
f 3373 3434 3433
f 3374 3375 3435
f 3374 3435 3434
f 3375 3376 3436
f 3375 3436 3435
f 3376 3377 3437
f 3376 3437 3436
f 3377 3378 3438
f 3377 3438 3437
f 3378 3379 3439
f 3378 3439 3438
f 3379 3380 3440
f 3379 3440 3439
f 3380 3381 3441
f 3380 3441 3440
f 3381 3382 3442
f 3381 3442 3441
f 3382 3383 3443
f 3382 3443 3442
f 3383 3384 3444
f 3383 3444 3443
f 3384 3385 3445
f 3384 3445 3444
f 3385 3386 3446
f 3385 3446 3445
f 3386 3387 3447
f 3386 3447 3446
f 3387 3388 3448
f 3387 3448 3447
f 3388 3389 3449
f 3388 3449 3448
f 3389 3390 3450
f 3389 3450 3449
f 3390 3391 3451
f 3390 3451 3450
f 3391 3392 3452
f 3391 3452 3451
f 3392 3393 3453
f 3392 3453 3452
f 3393 3394 3454
f 3393 3454 3453
f 3394 3395 3455
f 3394 3455 3454
f 3395 3396 3456
f 3395 3456 3455
f 3396 3397 3457
f 3396 3457 3456
f 3397 3398 3458
f 3397 3458 3457
f 3398 3399 3459
f 3398 3459 3458
f 3399 3400 3460
f 3399 3460 3459
f 3400 3401 3461
f 3400 3461 3460
f 3401 3402 3462
f 3401 3462 3461
f 3402 3403 3463
f 3402 3463 3462
f 3403 3404 3464
f 3403 3464 3463
f 3404 3405 3465
f 3404 3465 3464
f 3405 3406 3466
f 3405 3466 3465
f 3406 3407 3467
f 3406 3467 3466
f 3407 3408 3468
f 3407 3468 3467
f 3408 3409 3469
f 3408 3469 3468
f 3409 3410 3470
f 3409 3470 3469
f 3410 3411 3471
f 3410 3471 3470
f 3411 3412 3472
f 3411 3472 3471
f 3412 3413 3473
f 3412 3473 3472
f 3413 3414 3474
f 3413 3474 3473
f 3414 3415 3475
f 3414 3475 3474
f 3415 3416 3476
f 3415 3476 3475
f 3416 3417 3477
f 3416 3477 3476
f 3417 3418 3478
f 3417 3478 3477
f 3418 3419 3479
f 3418 3479 3478
f 3419 3420 3480
f 3419 3480 3479
f 3420 3361 3421
f 3420 3421 3480
f 3421 3422 3482
f 3421 3482 3481
f 3422 3423 3483
f 3422 3483 3482
f 3423 3424 3484
f 3423 3484 3483
f 3424 3425 3485
f 3424 3485 3484
f 3425 3426 3486
f 3425 3486 3485
f 3426 3427 3487
f 3426 3487 3486
f 3427 3428 3488
f 3427 3488 3487
f 3428 3429 3489
f 3428 3489 3488
f 3429 3430 3490
f 3429 3490 3489
f 3430 3431 3491
f 3430 3491 3490
f 3431 3432 3492
f 3431 3492 3491
f 3432 3433 3493
f 3432 3493 3492
f 3433 3434 3494
f 3433 3494 3493
f 3434 3435 3495
f 3434 3495 3494
f 3435 3436 3496
f 3435 3496 3495
f 3436 3437 3497
f 3436 3497 3496
f 3437 3438 3498
f 3437 3498 3497
f 3438 3439 3499
f 3438 3499 3498
f 3439 3440 3500
f 3439 3500 3499
f 3440 3441 3501
f 3440 3501 3500
f 3441 3442 3502
f 3441 3502 3501
f 3442 3443 3503
f 3442 3503 3502
f 3443 3444 3504
f 3443 3504 3503
f 3444 3445 3505
f 3444 3505 3504
f 3445 3446 3506
f 3445 3506 3505
f 3446 3447 3507
f 3446 3507 3506
f 3447 3448 3508
f 3447 3508 3507
f 3448 3449 3509
f 3448 3509 3508
f 3449 3450 3510
f 3449 3510 3509
f 3450 3451 3511
f 3450 3511 3510
f 3451 3452 3512
f 3451 3512 3511
f 3452 3453 3513
f 3452 3513 3512
f 3453 3454 3514
f 3453 3514 3513
f 3454 3455 3515
f 3454 3515 3514
f 3455 3456 3516
f 3455 3516 3515
f 3456 3457 3517
f 3456 3517 3516
f 3457 3458 3518
f 3457 3518 3517
f 3458 3459 3519
f 3458 3519 3518
f 3459 3460 3520
f 3459 3520 3519
f 3460 3461 3521
f 3460 3521 3520
f 3461 3462 3522
f 3461 3522 3521
f 3462 3463 3523
f 3462 3523 3522
f 3463 3464 3524
f 3463 3524 3523
f 3464 3465 3525
f 3464 3525 3524
f 3465 3466 3526
f 3465 3526 3525
f 3466 3467 3527
f 3466 3527 3526
f 3467 3468 3528
f 3467 3528 3527
f 3468 3469 3529
f 3468 3529 3528
f 3469 3470 3530
f 3469 3530 3529
f 3470 3471 3531
f 3470 3531 3530
f 3471 3472 3532
f 3471 3532 3531
f 3472 3473 3533
f 3472 3533 3532
f 3473 3474 3534
f 3473 3534 3533
f 3474 3475 3535
f 3474 3535 3534
f 3475 3476 3536
f 3475 3536 3535
f 3476 3477 3537
f 3476 3537 3536
f 3477 3478 3538
f 3477 3538 3537
f 3478 3479 3539
f 3478 3539 3538
f 3479 3480 3540
f 3479 3540 3539
f 3480 3421 3481
f 3480 3481 3540
f 3481 3482 3542
f 3481 3542 3541
f 3482 3483 3543
f 3482 3543 3542
f 3483 3484 3544
f 3483 3544 3543
f 3484 3485 3545
f 3484 3545 3544
f 3485 3486 3546
f 3485 3546 3545
f 3486 3487 3547
f 3486 3547 3546
f 3487 3488 3548
f 3487 3548 3547
f 3488 3489 3549
f 3488 3549 3548
f 3489 3490 3550
f 3489 3550 3549
f 3490 3491 3551
f 3490 3551 3550
f 3491 3492 3552
f 3491 3552 3551
f 3492 3493 3553
f 3492 3553 3552
f 3493 3494 3554
f 3493 3554 3553
f 3494 3495 3555
f 3494 3555 3554
f 3495 3496 3556
f 3495 3556 3555
f 3496 3497 3557
f 3496 3557 3556
f 3497 3498 3558
f 3497 3558 3557
f 3498 3499 3559
f 3498 3559 3558
f 3499 3500 3560
f 3499 3560 3559
f 3500 3501 3561
f 3500 3561 3560
f 3501 3502 3562
f 3501 3562 3561
f 3502 3503 3563
f 3502 3563 3562
f 3503 3504 3564
f 3503 3564 3563
f 3504 3505 3565
f 3504 3565 3564
f 3505 3506 3566
f 3505 3566 3565
f 3506 3507 3567
f 3506 3567 3566
f 3507 3508 3568
f 3507 3568 3567
f 3508 3509 3569
f 3508 3569 3568
f 3509 3510 3570
f 3509 3570 3569
f 3510 3511 3571
f 3510 3571 3570
f 3511 3512 3572
f 3511 3572 3571
f 3512 3513 3573
f 3512 3573 3572
f 3513 3514 3574
f 3513 3574 3573
f 3514 3515 3575
f 3514 3575 3574
f 3515 3516 3576
f 3515 3576 3575
f 3516 3517 3577
f 3516 3577 3576
f 3517 3518 3578
f 3517 3578 3577
f 3518 3519 3579
f 3518 3579 3578
f 3519 3520 3580
f 3519 3580 3579
f 3520 3521 3581
f 3520 3581 3580
f 3521 3522 3582
f 3521 3582 3581
f 3522 3523 3583
f 3522 3583 3582
f 3523 3524 3584
f 3523 3584 3583
f 3524 3525 3585
f 3524 3585 3584
f 3525 3526 3586
f 3525 3586 3585
f 3526 3527 3587
f 3526 3587 3586
f 3527 3528 3588
f 3527 3588 3587
f 3528 3529 3589
f 3528 3589 3588
f 3529 3530 3590
f 3529 3590 3589
f 3530 3531 3591
f 3530 3591 3590
f 3531 3532 3592
f 3531 3592 3591
f 3532 3533 3593
f 3532 3593 3592
f 3533 3534 3594
f 3533 3594 3593
f 3534 3535 3595
f 3534 3595 3594
f 3535 3536 3596
f 3535 3596 3595
f 3536 3537 3597
f 3536 3597 3596
f 3537 3538 3598
f 3537 3598 3597
f 3538 3539 3599
f 3538 3599 3598
f 3539 3540 3600
f 3539 3600 3599
f 3540 3481 3541
f 3540 3541 3600
f 3541 3542 3602
f 3541 3602 3601
f 3542 3543 3603
f 3542 3603 3602
f 3543 3544 3604
f 3543 3604 3603
f 3544 3545 3605
f 3544 3605 3604
f 3545 3546 3606
f 3545 3606 3605
f 3546 3547 3607
f 3546 3607 3606
f 3547 3548 3608
f 3547 3608 3607
f 3548 3549 3609
f 3548 3609 3608
f 3549 3550 3610
f 3549 3610 3609
f 3550 3551 3611
f 3550 3611 3610
f 3551 3552 3612
f 3551 3612 3611
f 3552 3553 3613
f 3552 3613 3612
f 3553 3554 3614
f 3553 3614 3613
f 3554 3555 3615
f 3554 3615 3614
f 3555 3556 3616
f 3555 3616 3615
f 3556 3557 3617
f 3556 3617 3616
f 3557 3558 3618
f 3557 3618 3617
f 3558 3559 3619
f 3558 3619 3618
f 3559 3560 3620
f 3559 3620 3619
f 3560 3561 3621
f 3560 3621 3620
f 3561 3562 3622
f 3561 3622 3621
f 3562 3563 3623
f 3562 3623 3622
f 3563 3564 3624
f 3563 3624 3623
f 3564 3565 3625
f 3564 3625 3624
f 3565 3566 3626
f 3565 3626 3625
f 3566 3567 3627
f 3566 3627 3626
f 3567 3568 3628
f 3567 3628 3627
f 3568 3569 3629
f 3568 3629 3628
f 3569 3570 3630
f 3569 3630 3629
f 3570 3571 3631
f 3570 3631 3630
f 3571 3572 3632
f 3571 3632 3631
f 3572 3573 3633
f 3572 3633 3632
f 3573 3574 3634
f 3573 3634 3633
f 3574 3575 3635
f 3574 3635 3634
f 3575 3576 3636
f 3575 3636 3635
f 3576 3577 3637
f 3576 3637 3636
f 3577 3578 3638
f 3577 3638 3637
f 3578 3579 3639
f 3578 3639 3638
f 3579 3580 3640
f 3579 3640 3639
f 3580 3581 3641
f 3580 3641 3640
f 3581 3582 3642
f 3581 3642 3641
f 3582 3583 3643
f 3582 3643 3642
f 3583 3584 3644
f 3583 3644 3643
f 3584 3585 3645
f 3584 3645 3644
f 3585 3586 3646
f 3585 3646 3645
f 3586 3587 3647
f 3586 3647 3646
f 3587 3588 3648
f 3587 3648 3647
f 3588 3589 3649
f 3588 3649 3648
f 3589 3590 3650
f 3589 3650 3649
f 3590 3591 3651
f 3590 3651 3650
f 3591 3592 3652
f 3591 3652 3651
f 3592 3593 3653
f 3592 3653 3652
f 3593 3594 3654
f 3593 3654 3653
f 3594 3595 3655
f 3594 3655 3654
f 3595 3596 3656
f 3595 3656 3655
f 3596 3597 3657
f 3596 3657 3656
f 3597 3598 3658
f 3597 3658 3657
f 3598 3599 3659
f 3598 3659 3658
f 3599 3600 3660
f 3599 3660 3659
f 3600 3541 3601
f 3600 3601 3660
